-- Visa engine v2 — 已人工核验数据（8 政策 + 201 grant + 115 城市 + 派生矩阵）。
-- 由 scripts/gen_visa_v2_migration.py 从交付包 visa.db 生成，勿手改种子。
-- 客户端 VisaPolicyEngine(Swift) 离线判定的 CMS 数据源；旧 062 表保留作回退。

CREATE TABLE IF NOT EXISTS visa_policies_v2 (
  id                       TEXT PRIMARY KEY,
  policy_type              TEXT NOT NULL,
  node_kind                TEXT NOT NULL DEFAULT 'computed',  -- computed | info(visa_L 兜底)
  universal                BOOLEAN NOT NULL DEFAULT FALSE,
  official_name_zh         TEXT NOT NULL DEFAULT '',
  official_name_en         TEXT NOT NULL DEFAULT '',
  onward_ticket            BOOLEAN NOT NULL DEFAULT FALSE,
  onward_third_country     BOOLEAN NOT NULL DEFAULT FALSE,
  group_required           BOOLEAN NOT NULL DEFAULT FALSE,
  entry_port_limited       BOOLEAN NOT NULL DEFAULT FALSE,
  entry_ports              JSONB,
  exit_ports               JSONB,
  entry_mode               JSONB,
  max_stay_default         INT,
  max_stay_unit            TEXT,                              -- hours | days
  clock_rule               TEXT,                              -- next_day_0000 | by_hour | entry_day
  allowed_area             JSONB,                             -- "national" 或 ["110000",...]
  passport_validity_months INT DEFAULT 6,
  priority                 INT NOT NULL,
  source_url               TEXT,
  last_verified            TEXT,
  is_active                BOOLEAN NOT NULL DEFAULT TRUE,
  updated_at               TIMESTAMPTZ NOT NULL DEFAULT NOW()
);

CREATE TABLE IF NOT EXISTS visa_policy_grants_v2 (
  id                TEXT PRIMARY KEY,                         -- slug: {policy}_{cc}
  policy_id         TEXT NOT NULL REFERENCES visa_policies_v2 (id) ON DELETE CASCADE,
  country_code      TEXT NOT NULL,
  effective_date    DATE NOT NULL DEFAULT '1900-01-01',       -- NULL 起始 → 无下限
  expiry_date       DATE,                                     -- NULL = 官方未设截止
  max_stay_override INT,
  source_url        TEXT,
  last_verified     TEXT,
  is_active         BOOLEAN NOT NULL DEFAULT TRUE,
  updated_at        TIMESTAMPTZ NOT NULL DEFAULT NOW()
);
CREATE INDEX IF NOT EXISTS visa_policy_grants_v2_country_idx
  ON visa_policy_grants_v2 (country_code, policy_id);

CREATE TABLE IF NOT EXISTS visa_cities (
  city_id       TEXT PRIMARY KEY,                            -- GB/T 2260
  name_zh       TEXT NOT NULL DEFAULT '',
  name_en       TEXT NOT NULL DEFAULT '',
  region_type   TEXT NOT NULL DEFAULT 'mainland',            -- mainland | special
  is_entry_port BOOLEAN NOT NULL DEFAULT FALSE,
  is_exit_port  BOOLEAN NOT NULL DEFAULT FALSE,
  transit_240h  BOOLEAN NOT NULL DEFAULT FALSE,
  app_city_slug TEXT,                                        -- 映射 app 内容城市 id（可空）
  is_active     BOOLEAN NOT NULL DEFAULT TRUE,
  updated_at    TIMESTAMPTZ NOT NULL DEFAULT NOW()
);

CREATE TABLE IF NOT EXISTS visa_city_policy_matrix (
  city_id     TEXT NOT NULL REFERENCES visa_cities (city_id) ON DELETE CASCADE,
  policy_id   TEXT NOT NULL REFERENCES visa_policies_v2 (id) ON DELETE CASCADE,
  feasibility TEXT NOT NULL,                                 -- ok | no | permit_required（派生只读）
  note        TEXT,
  is_active   BOOLEAN NOT NULL DEFAULT TRUE,
  PRIMARY KEY (city_id, policy_id)
);

CREATE TABLE IF NOT EXISTS visa_permit_zones (
  admin_code TEXT PRIMARY KEY,                               -- GB/T 2260（省级或市级）
  name       TEXT NOT NULL DEFAULT '',
  note       TEXT,
  is_active  BOOLEAN NOT NULL DEFAULT TRUE
);

DO $policy$
DECLARE
  t TEXT;
BEGIN
  FOREACH t IN ARRAY ARRAY[
    'visa_policies_v2', 'visa_policy_grants_v2', 'visa_cities',
    'visa_city_policy_matrix', 'visa_permit_zones'
  ]
  LOOP
    EXECUTE format('ALTER TABLE %I ENABLE ROW LEVEL SECURITY', t);
    EXECUTE format('DROP POLICY IF EXISTS %I ON %I', 'Public read ' || t, t);
    EXECUTE format(
      'CREATE POLICY %I ON %I FOR SELECT USING (is_active = TRUE OR public.is_admin())',
      'Public read ' || t, t);
    EXECUTE format('DROP POLICY IF EXISTS %I ON %I', 'Admin insert ' || t, t);
    EXECUTE format(
      'CREATE POLICY %I ON %I FOR INSERT TO authenticated WITH CHECK (public.is_admin())',
      'Admin insert ' || t, t);
    EXECUTE format('DROP POLICY IF EXISTS %I ON %I', 'Admin update ' || t, t);
    EXECUTE format(
      'CREATE POLICY %I ON %I FOR UPDATE TO authenticated USING (public.is_admin()) WITH CHECK (public.is_admin())',
      'Admin update ' || t, t);
    EXECUTE format('DROP POLICY IF EXISTS %I ON %I', 'Admin delete ' || t, t);
    EXECUTE format(
      'CREATE POLICY %I ON %I FOR DELETE TO authenticated USING (public.is_admin())',
      'Admin delete ' || t, t);
  END LOOP;
END
$policy$;

-- ════════════════ 政策框架（8 条，人工核验）════════════════
INSERT INTO visa_policies_v2 (id, policy_type, node_kind, universal, official_name_zh, official_name_en, onward_ticket, onward_third_country, group_required, entry_port_limited, entry_ports, exit_ports, entry_mode, max_stay_default, max_stay_unit, clock_rule, allowed_area, passport_validity_months, priority, source_url, last_verified) VALUES
  ('mutual_exempt', '互免', 'computed', FALSE, '互免签证', 'Mutual Exemption', FALSE, FALSE, FALSE, FALSE, NULL, NULL, NULL, 30, 'days', 'next_day_0000', '"national"'::jsonb, 6, 10, 'https://www.mfa.gov.cn/wjbzwfwpt/kzx/tzgg/202504/t20250414_11594222.html', '2026-06-22')
ON CONFLICT (id) DO NOTHING;
INSERT INTO visa_policies_v2 (id, policy_type, node_kind, universal, official_name_zh, official_name_en, onward_ticket, onward_third_country, group_required, entry_port_limited, entry_ports, exit_ports, entry_mode, max_stay_default, max_stay_unit, clock_rule, allowed_area, passport_validity_months, priority, source_url, last_verified) VALUES
  ('hainan_30d', '区域免签', 'computed', FALSE, '海南免签', 'Hainan Visa-free', FALSE, FALSE, FALSE, TRUE, '["HAK", "SYX", "BAR", "CNYPG", "CNHKO", "CNSYA", "CNBSP", "CNQLN"]'::jsonb, '["HAK", "SYX", "BAR", "CNYPG", "CNHKO", "CNSYA", "CNBSP", "CNQLN"]'::jsonb, '["air", "sea"]'::jsonb, 30, 'days', 'next_day_0000', '["460000"]'::jsonb, 6, 15, 'https://www.nia.gov.cn/n741440/n741542/c1631698/content.html', '2026-06-22')
ON CONFLICT (id) DO NOTHING;
INSERT INTO visa_policies_v2 (id, policy_type, node_kind, universal, official_name_zh, official_name_en, onward_ticket, onward_third_country, group_required, entry_port_limited, entry_ports, exit_ports, entry_mode, max_stay_default, max_stay_unit, clock_rule, allowed_area, passport_validity_months, priority, source_url, last_verified) VALUES
  ('unilateral_30d', '单方面免签', 'computed', FALSE, '单方面免签', 'Unilateral Visa-free', FALSE, FALSE, FALSE, FALSE, NULL, NULL, NULL, 30, 'days', 'next_day_0000', '"national"'::jsonb, 6, 20, 'https://www.nia.gov.cn/n741440/n741577/c1731154/content.html', '2026-06-22')
ON CONFLICT (id) DO NOTHING;
INSERT INTO visa_policies_v2 (id, policy_type, node_kind, universal, official_name_zh, official_name_en, onward_ticket, onward_third_country, group_required, entry_port_limited, entry_ports, exit_ports, entry_mode, max_stay_default, max_stay_unit, clock_rule, allowed_area, passport_validity_months, priority, source_url, last_verified) VALUES
  ('twov_24h', '过境免签', 'computed', TRUE, '24小时过境免签', '24h Transit Without Visa', TRUE, TRUE, FALSE, FALSE, NULL, NULL, '["air", "sea", "land"]'::jsonb, 24, 'hours', 'by_hour', '[]'::jsonb, 6, 25, 'https://www.nia.gov.cn/n741440/n741577/c1731205/content.html', '2026-06-18')
ON CONFLICT (id) DO NOTHING;
INSERT INTO visa_policies_v2 (id, policy_type, node_kind, universal, official_name_zh, official_name_en, onward_ticket, onward_third_country, group_required, entry_port_limited, entry_ports, exit_ports, entry_mode, max_stay_default, max_stay_unit, clock_rule, allowed_area, passport_validity_months, priority, source_url, last_verified) VALUES
  ('twov_240h', '过境免签', 'computed', FALSE, '240小时过境免签', '240h Transit Without Visa', TRUE, TRUE, FALSE, TRUE, '["PEK", "PKX", "TSN", "CNTSN", "SJW", "CNSHP", "SHE", "DLC", "CNDLC", "SHA", "PVG", "CNSHA", "NKG", "WUX", "YTY", "CNLYG", "HGH", "NGB", "WNZ", "YIW", "CNWNZ", "CNZOS", "HFE", "TXN", "FOC", "XMN", "JJN", "WUS", "CNXMN", "TNA", "TAO", "YNT", "WEH", "CNTAO", "CGO", "WUH", "CSX", "DYG", "CAN", "SZX", "SWA", "CNNSA", "CNSHK", "HAK", "SYX", "CKG", "KWE", "XIY", "TYN", "HRB", "KHN", "NNG", "KWL", "BHY", "CNBHY", "CTU", "TFU", "KMG", "LJG", "CNMHN"]'::jsonb, '["PEK", "PKX", "TSN", "CNTSN", "SJW", "CNSHP", "SHE", "DLC", "CNDLC", "SHA", "PVG", "CNSHA", "NKG", "WUX", "YTY", "CNLYG", "HGH", "NGB", "WNZ", "YIW", "CNWNZ", "CNZOS", "HFE", "TXN", "FOC", "XMN", "JJN", "WUS", "CNXMN", "TNA", "TAO", "YNT", "WEH", "CNTAO", "CGO", "WUH", "CSX", "DYG", "CAN", "SZX", "SWA", "CNNSA", "CNSHK", "HAK", "SYX", "CKG", "KWE", "XIY", "TYN", "HRB", "KHN", "NNG", "KWL", "BHY", "CNBHY", "CTU", "TFU", "KMG", "LJG", "CNMHN"]'::jsonb, '["air","land","sea"]'::jsonb, 240, 'hours', 'next_day_0000', '["110000", "120000", "130000", "210000", "310000", "320000", "330000", "350000", "370000", "410000", "420000", "430000", "440000", "500000", "610000", "340000", "460000", "520000", "140100", "140200", "360100", "360200", "450100", "450200", "450300", "450400", "450500", "450600", "450700", "450800", "450900", "451100", "451200", "451300", "510100", "510300", "510500", "510600", "510900", "511000", "511100", "511400", "511500", "511800", "512000", "230100", "530100", "530400", "532300", "532500", "532600", "530800", "532800", "532900", "530700"]'::jsonb, 6, 30, '移民局2024-12-17公告 https://www.nia.gov.cn/n897453/c1688948/content.html ; 附件1口岸 https://ka.sz.gov.cn/gkmlpt/content/12/12152/post_12152387.html ; 区域 https://ka.sz.gov.cn/gkmlpt/content/12/12089/post_12089605.html', '2026-06-18')
ON CONFLICT (id) DO NOTHING;
INSERT INTO visa_policies_v2 (id, policy_type, node_kind, universal, official_name_zh, official_name_en, onward_ticket, onward_third_country, group_required, entry_port_limited, entry_ports, exit_ports, entry_mode, max_stay_default, max_stay_unit, clock_rule, allowed_area, passport_validity_months, priority, source_url, last_verified) VALUES
  ('group_asean_xsbn', '团体免签', 'computed', FALSE, '东盟旅游团入境西双版纳免签', 'ASEAN Tour Group (Xishuangbanna)', FALSE, FALSE, TRUE, TRUE, '["JHG","CNMHN","MOHAN"]'::jsonb, '["JHG","CNMHN","MOHAN"]'::jsonb, '["air","land"]'::jsonb, 6, 'days', 'next_day_0000', '["532800"]'::jsonb, 6, 35, 'https://www.nia.gov.cn/n741440/n741542/c1699001/content.html', '2026-06-22')
ON CONFLICT (id) DO NOTHING;
INSERT INTO visa_policies_v2 (id, policy_type, node_kind, universal, official_name_zh, official_name_en, onward_ticket, onward_third_country, group_required, entry_port_limited, entry_ports, exit_ports, entry_mode, max_stay_default, max_stay_unit, clock_rule, allowed_area, passport_validity_months, priority, source_url, last_verified) VALUES
  ('cruise_15d', '团体免签', 'computed', TRUE, '邮轮团免签', 'Cruise Tour Visa-free', FALSE, FALSE, TRUE, TRUE, '["CNTSN","CNDLC","CNSHA","CNLYG","CNWNZ","CNZOS","CNXMN","CNTAO","CNNSA","CNSHK","CNBHY","CNHKO","CNSYA"]'::jsonb, '["CNTSN","CNDLC","CNSHA","CNLYG","CNWNZ","CNZOS","CNXMN","CNTAO","CNNSA","CNSHK","CNBHY","CNHKO","CNSYA"]'::jsonb, '["sea"]'::jsonb, 15, 'days', 'next_day_0000', '["110000","120000","130000","210000","310000","320000","330000","350000","370000","440000","450000","460000"]'::jsonb, 6, 36, 'https://www.gov.cn/zhengce/zhengceku/202405/content_6951481.htm', '2026-06-22')
ON CONFLICT (id) DO NOTHING;
INSERT INTO visa_policies_v2 (id, policy_type, node_kind, universal, official_name_zh, official_name_en, onward_ticket, onward_third_country, group_required, entry_port_limited, entry_ports, exit_ports, entry_mode, max_stay_default, max_stay_unit, clock_rule, allowed_area, passport_validity_months, priority, source_url, last_verified) VALUES
  ('visa_L', '普通签证', 'info', FALSE, '普通旅游签证（L签）', 'Tourist Visa (L)', FALSE, FALSE, FALSE, FALSE, NULL, NULL, NULL, 30, 'days', 'next_day_0000', '"national"'::jsonb, 6, 99, 'https://www.visaforchina.cn / 12309 领事服务', '2026-06-22')
ON CONFLICT (id) DO NOTHING;

-- ════════════════ 城市维表（115，GB/T 2260）════════════════
INSERT INTO visa_cities (city_id, name_zh, name_en, region_type, is_entry_port, is_exit_port, transit_240h, app_city_slug) VALUES
  ('110000', '北京市', 'Beijing', 'mainland', FALSE, FALSE, FALSE, 'beijing'),
  ('120000', '天津市', 'Tianjin', 'mainland', FALSE, FALSE, FALSE, NULL),
  ('130000', '河北省', 'Hebei', 'mainland', FALSE, FALSE, FALSE, NULL),
  ('130100', '石家庄市', 'Shijiazhuang', 'mainland', FALSE, FALSE, FALSE, NULL),
  ('130300', '秦皇岛市', 'Qinhuangdao', 'mainland', FALSE, FALSE, FALSE, NULL),
  ('140000', '山西省', 'Shanxi', 'mainland', FALSE, FALSE, FALSE, NULL),
  ('140100', '太原市', 'Taiyuan', 'mainland', FALSE, FALSE, FALSE, NULL),
  ('140200', '大同市', 'Datong', 'mainland', FALSE, FALSE, FALSE, NULL),
  ('140800', '运城市', 'Yuncheng', 'mainland', FALSE, FALSE, FALSE, NULL),
  ('150000', '内蒙古自治区', 'Inner Mongolia', 'mainland', FALSE, FALSE, FALSE, NULL),
  ('150100', '呼和浩特市', 'Hohhot', 'mainland', FALSE, FALSE, FALSE, NULL),
  ('210000', '辽宁省', 'Liaoning', 'mainland', FALSE, FALSE, FALSE, NULL),
  ('210100', '沈阳市', 'Shenyang', 'mainland', FALSE, FALSE, FALSE, NULL),
  ('210200', '大连市', 'Dalian', 'mainland', FALSE, FALSE, FALSE, NULL),
  ('220000', '吉林省', 'Jilin', 'mainland', FALSE, FALSE, FALSE, NULL),
  ('220100', '长春市', 'Changchun', 'mainland', FALSE, FALSE, FALSE, NULL),
  ('230000', '黑龙江省', 'Heilongjiang', 'mainland', FALSE, FALSE, FALSE, NULL),
  ('230100', '哈尔滨市', 'Harbin', 'mainland', FALSE, FALSE, FALSE, NULL),
  ('310000', '上海市', 'Shanghai', 'mainland', FALSE, FALSE, FALSE, 'shanghai'),
  ('320000', '江苏省', 'Jiangsu', 'mainland', FALSE, FALSE, FALSE, NULL),
  ('320100', '南京市', 'Nanjing', 'mainland', FALSE, FALSE, FALSE, NULL),
  ('320200', '无锡市', 'Wuxi', 'mainland', FALSE, FALSE, FALSE, NULL),
  ('320500', '苏州市', 'Suzhou', 'mainland', FALSE, FALSE, FALSE, 'suzhou'),
  ('320700', '连云港市', 'Lianyungang', 'mainland', FALSE, FALSE, FALSE, NULL),
  ('321000', '扬州市', 'Yangzhou', 'mainland', FALSE, FALSE, FALSE, NULL),
  ('321200', '泰州市', 'Taizhou', 'mainland', FALSE, FALSE, FALSE, NULL),
  ('330000', '浙江省', 'Zhejiang', 'mainland', FALSE, FALSE, FALSE, NULL),
  ('330100', '杭州市', 'Hangzhou', 'mainland', FALSE, FALSE, FALSE, 'hangzhou'),
  ('330200', '宁波市', 'Ningbo', 'mainland', FALSE, FALSE, FALSE, NULL),
  ('330300', '温州市', 'Wenzhou', 'mainland', FALSE, FALSE, FALSE, NULL),
  ('330782', '义乌市', 'Yiwu', 'mainland', FALSE, FALSE, FALSE, NULL),
  ('330900', '舟山市', 'Zhoushan', 'mainland', FALSE, FALSE, FALSE, NULL),
  ('340000', '安徽省', 'Anhui', 'mainland', FALSE, FALSE, FALSE, NULL),
  ('340100', '合肥市', 'Hefei', 'mainland', FALSE, FALSE, FALSE, NULL),
  ('341000', '黄山市', 'Huangshan', 'mainland', FALSE, FALSE, FALSE, NULL),
  ('350000', '福建省', 'Fujian', 'mainland', FALSE, FALSE, FALSE, NULL),
  ('350100', '福州市', 'Fuzhou', 'mainland', FALSE, FALSE, FALSE, NULL),
  ('350200', '厦门市', 'Xiamen', 'mainland', FALSE, FALSE, FALSE, NULL),
  ('350500', '泉州市', 'Quanzhou', 'mainland', FALSE, FALSE, FALSE, NULL),
  ('350782', '武夷山市', 'Wuyishan', 'mainland', FALSE, FALSE, FALSE, NULL),
  ('360000', '江西省', 'Jiangxi', 'mainland', FALSE, FALSE, FALSE, NULL),
  ('360100', '南昌市', 'Nanchang', 'mainland', FALSE, FALSE, FALSE, NULL),
  ('360200', '景德镇市', 'Jingdezhen', 'mainland', FALSE, FALSE, FALSE, NULL),
  ('370000', '山东省', 'Shandong', 'mainland', FALSE, FALSE, FALSE, NULL),
  ('370100', '济南市', 'Jinan', 'mainland', FALSE, FALSE, FALSE, NULL),
  ('370200', '青岛市', 'Qingdao', 'mainland', FALSE, FALSE, FALSE, NULL),
  ('370600', '烟台市', 'Yantai', 'mainland', FALSE, FALSE, FALSE, NULL),
  ('371000', '威海市', 'Weihai', 'mainland', FALSE, FALSE, FALSE, NULL),
  ('410000', '河南省', 'Henan', 'mainland', FALSE, FALSE, FALSE, NULL),
  ('410100', '郑州市', 'Zhengzhou', 'mainland', FALSE, FALSE, FALSE, NULL),
  ('420000', '湖北省', 'Hubei', 'mainland', FALSE, FALSE, FALSE, NULL),
  ('420100', '武汉市', 'Wuhan', 'mainland', FALSE, FALSE, FALSE, NULL),
  ('430000', '湖南省', 'Hunan', 'mainland', FALSE, FALSE, FALSE, NULL),
  ('430100', '长沙市', 'Changsha', 'mainland', FALSE, FALSE, FALSE, NULL),
  ('430800', '张家界市', 'Zhangjiajie', 'mainland', FALSE, FALSE, FALSE, NULL),
  ('440000', '广东省', 'Guangdong', 'mainland', FALSE, FALSE, FALSE, NULL),
  ('440100', '广州市', 'Guangzhou', 'mainland', FALSE, FALSE, FALSE, NULL),
  ('440300', '深圳市', 'Shenzhen', 'mainland', FALSE, FALSE, FALSE, NULL),
  ('440600', '佛山市', 'Foshan', 'mainland', FALSE, FALSE, FALSE, NULL),
  ('445200', '揭阳市', 'Jieyang', 'mainland', FALSE, FALSE, FALSE, NULL),
  ('450000', '广西壮族自治区', 'Guangxi', 'mainland', FALSE, FALSE, FALSE, NULL),
  ('450100', '南宁市', 'Nanning', 'mainland', FALSE, FALSE, FALSE, NULL),
  ('450200', '柳州市', 'Liuzhou', 'mainland', FALSE, FALSE, FALSE, NULL),
  ('450300', '桂林市', 'Guilin', 'mainland', FALSE, FALSE, FALSE, NULL),
  ('450400', '梧州市', 'Wuzhou', 'mainland', FALSE, FALSE, FALSE, NULL),
  ('450500', '北海市', 'Beihai', 'mainland', FALSE, FALSE, FALSE, NULL),
  ('450600', '防城港市', 'Fangchenggang', 'mainland', FALSE, FALSE, FALSE, NULL),
  ('450700', '钦州市', 'Qinzhou', 'mainland', FALSE, FALSE, FALSE, NULL),
  ('450800', '贵港市', 'Guigang', 'mainland', FALSE, FALSE, FALSE, NULL),
  ('450900', '玉林市', 'Yulin', 'mainland', FALSE, FALSE, FALSE, NULL),
  ('451100', '贺州市', 'Hezhou', 'mainland', FALSE, FALSE, FALSE, NULL),
  ('451200', '河池市', 'Hechi', 'mainland', FALSE, FALSE, FALSE, NULL),
  ('451300', '来宾市', 'Laibin', 'mainland', FALSE, FALSE, FALSE, NULL),
  ('460000', '海南省', 'Hainan', 'mainland', FALSE, FALSE, FALSE, NULL),
  ('460100', '海口市', 'Haikou', 'mainland', FALSE, FALSE, FALSE, NULL),
  ('460200', '三亚市', 'Sanya', 'mainland', FALSE, FALSE, FALSE, NULL),
  ('460400', '儋州市', 'Danzhou', 'mainland', FALSE, FALSE, FALSE, NULL),
  ('469002', '琼海市', 'Qionghai', 'mainland', FALSE, FALSE, FALSE, NULL),
  ('469005', '文昌市', 'Wenchang', 'mainland', FALSE, FALSE, FALSE, NULL),
  ('469007', '东方市', 'Dongfang', 'mainland', FALSE, FALSE, FALSE, NULL),
  ('500000', '重庆市', 'Chongqing', 'mainland', FALSE, FALSE, FALSE, NULL),
  ('510000', '四川省', 'Sichuan', 'mainland', FALSE, FALSE, FALSE, NULL),
  ('510100', '成都市', 'Chengdu', 'mainland', FALSE, FALSE, FALSE, 'chengdu'),
  ('510300', '自贡市', 'Zigong', 'mainland', FALSE, FALSE, FALSE, NULL),
  ('510500', '泸州市', 'Luzhou', 'mainland', FALSE, FALSE, FALSE, NULL),
  ('510600', '德阳市', 'Deyang', 'mainland', FALSE, FALSE, FALSE, NULL),
  ('510900', '遂宁市', 'Suining', 'mainland', FALSE, FALSE, FALSE, NULL),
  ('511000', '内江市', 'Neijiang', 'mainland', FALSE, FALSE, FALSE, NULL),
  ('511100', '乐山市', 'Leshan', 'mainland', FALSE, FALSE, FALSE, NULL),
  ('511400', '眉山市', 'Meishan', 'mainland', FALSE, FALSE, FALSE, NULL),
  ('511500', '宜宾市', 'Yibin', 'mainland', FALSE, FALSE, FALSE, NULL),
  ('511800', '雅安市', 'Ya''an', 'mainland', FALSE, FALSE, FALSE, NULL),
  ('512000', '资阳市', 'Ziyang', 'mainland', FALSE, FALSE, FALSE, NULL),
  ('520000', '贵州省', 'Guizhou', 'mainland', FALSE, FALSE, FALSE, NULL),
  ('520100', '贵阳市', 'Guiyang', 'mainland', FALSE, FALSE, FALSE, NULL),
  ('530000', '云南省', 'Yunnan', 'mainland', FALSE, FALSE, FALSE, NULL),
  ('530100', '昆明市', 'Kunming', 'mainland', FALSE, FALSE, FALSE, NULL),
  ('530400', '玉溪市', 'Yuxi', 'mainland', FALSE, FALSE, FALSE, NULL),
  ('530700', '丽江市', 'Lijiang', 'mainland', FALSE, FALSE, FALSE, NULL),
  ('530800', '普洱市', 'Pu''er', 'mainland', FALSE, FALSE, FALSE, NULL),
  ('532300', '楚雄彝族自治州', 'Chuxiong', 'mainland', FALSE, FALSE, FALSE, NULL),
  ('532500', '红河哈尼族彝族自治州', 'Honghe', 'mainland', FALSE, FALSE, FALSE, NULL),
  ('532600', '文山壮族苗族自治州', 'Wenshan', 'mainland', FALSE, FALSE, FALSE, NULL),
  ('532800', '西双版纳傣族自治州', 'Xishuangbanna', 'mainland', FALSE, FALSE, FALSE, NULL),
  ('532900', '大理白族自治州', 'Dali', 'mainland', FALSE, FALSE, FALSE, NULL),
  ('540000', '西藏自治区', 'Tibet', 'mainland', FALSE, FALSE, FALSE, NULL),
  ('540100', '拉萨市', 'Lhasa', 'mainland', FALSE, FALSE, FALSE, NULL),
  ('610000', '陕西省', 'Shaanxi', 'mainland', FALSE, FALSE, FALSE, NULL),
  ('610100', '西安市', 'Xi''an', 'mainland', FALSE, FALSE, FALSE, 'xian'),
  ('620000', '甘肃省', 'Gansu', 'mainland', FALSE, FALSE, FALSE, NULL),
  ('620100', '兰州市', 'Lanzhou', 'mainland', FALSE, FALSE, FALSE, NULL),
  ('630000', '青海省', 'Qinghai', 'mainland', FALSE, FALSE, FALSE, NULL),
  ('640000', '宁夏回族自治区', 'Ningxia', 'mainland', FALSE, FALSE, FALSE, NULL),
  ('650000', '新疆维吾尔自治区', 'Xinjiang', 'mainland', FALSE, FALSE, FALSE, NULL),
  ('650100', '乌鲁木齐市', 'Urumqi', 'mainland', FALSE, FALSE, FALSE, NULL)
ON CONFLICT (city_id) DO NOTHING;

-- ════════════════ 政策适用 grant（201 国次，人工核验）════════════════
INSERT INTO visa_policy_grants_v2 (id, policy_id, country_code, effective_date, expiry_date, max_stay_override, source_url, last_verified) VALUES
  ('group_asean_xsbn_bn', 'group_asean_xsbn', 'BN', '2025-02-10', NULL, NULL, 'https://www.nia.gov.cn/n741440/n741542/c1699001/content.html', '2026-06-22'),
  ('group_asean_xsbn_id', 'group_asean_xsbn', 'ID', '2025-02-10', NULL, NULL, 'https://www.nia.gov.cn/n741440/n741542/c1699001/content.html', '2026-06-22'),
  ('group_asean_xsbn_kh', 'group_asean_xsbn', 'KH', '2025-02-10', NULL, NULL, 'https://www.nia.gov.cn/n741440/n741542/c1699001/content.html', '2026-06-22'),
  ('group_asean_xsbn_la', 'group_asean_xsbn', 'LA', '2025-02-10', NULL, NULL, 'https://www.nia.gov.cn/n741440/n741542/c1699001/content.html', '2026-06-22'),
  ('group_asean_xsbn_mm', 'group_asean_xsbn', 'MM', '2025-02-10', NULL, NULL, 'https://www.nia.gov.cn/n741440/n741542/c1699001/content.html', '2026-06-22'),
  ('group_asean_xsbn_my', 'group_asean_xsbn', 'MY', '2025-02-10', NULL, NULL, 'https://www.nia.gov.cn/n741440/n741542/c1699001/content.html', '2026-06-22'),
  ('group_asean_xsbn_ph', 'group_asean_xsbn', 'PH', '2025-02-10', NULL, NULL, 'https://www.nia.gov.cn/n741440/n741542/c1699001/content.html', '2026-06-22'),
  ('group_asean_xsbn_sg', 'group_asean_xsbn', 'SG', '2025-02-10', NULL, NULL, 'https://www.nia.gov.cn/n741440/n741542/c1699001/content.html', '2026-06-22'),
  ('group_asean_xsbn_th', 'group_asean_xsbn', 'TH', '2025-02-10', NULL, NULL, 'https://www.nia.gov.cn/n741440/n741542/c1699001/content.html', '2026-06-22'),
  ('group_asean_xsbn_vn', 'group_asean_xsbn', 'VN', '2025-02-10', NULL, NULL, 'https://www.nia.gov.cn/n741440/n741542/c1699001/content.html', '2026-06-22'),
  ('hainan_30d_ae', 'hainan_30d', 'AE', '2024-02-09', NULL, NULL, 'https://www.nia.gov.cn/n741440/n741542/c1631698/content.html', '2026-06-22'),
  ('hainan_30d_al', 'hainan_30d', 'AL', '2024-02-09', NULL, NULL, 'https://www.nia.gov.cn/n741440/n741542/c1631698/content.html', '2026-06-22'),
  ('hainan_30d_ar', 'hainan_30d', 'AR', '2024-02-09', NULL, NULL, 'https://www.nia.gov.cn/n741440/n741542/c1631698/content.html', '2026-06-22'),
  ('hainan_30d_at', 'hainan_30d', 'AT', '2024-02-09', NULL, NULL, 'https://www.nia.gov.cn/n741440/n741542/c1631698/content.html', '2026-06-22'),
  ('hainan_30d_au', 'hainan_30d', 'AU', '2024-02-09', NULL, NULL, 'https://www.nia.gov.cn/n741440/n741542/c1631698/content.html', '2026-06-22'),
  ('hainan_30d_ba', 'hainan_30d', 'BA', '2024-02-09', NULL, NULL, 'https://www.nia.gov.cn/n741440/n741542/c1631698/content.html', '2026-06-22'),
  ('hainan_30d_be', 'hainan_30d', 'BE', '2024-02-09', NULL, NULL, 'https://www.nia.gov.cn/n741440/n741542/c1631698/content.html', '2026-06-22'),
  ('hainan_30d_bg', 'hainan_30d', 'BG', '2024-02-09', NULL, NULL, 'https://www.nia.gov.cn/n741440/n741542/c1631698/content.html', '2026-06-22'),
  ('hainan_30d_bn', 'hainan_30d', 'BN', '2024-02-09', NULL, NULL, 'https://www.nia.gov.cn/n741440/n741542/c1631698/content.html', '2026-06-22'),
  ('hainan_30d_br', 'hainan_30d', 'BR', '2024-02-09', NULL, NULL, 'https://www.nia.gov.cn/n741440/n741542/c1631698/content.html', '2026-06-22'),
  ('hainan_30d_by', 'hainan_30d', 'BY', '2024-02-09', NULL, NULL, 'https://www.nia.gov.cn/n741440/n741542/c1631698/content.html', '2026-06-22'),
  ('hainan_30d_ca', 'hainan_30d', 'CA', '2024-02-09', NULL, NULL, 'https://www.nia.gov.cn/n741440/n741542/c1631698/content.html', '2026-06-22'),
  ('hainan_30d_ch', 'hainan_30d', 'CH', '2024-02-09', NULL, NULL, 'https://www.nia.gov.cn/n741440/n741542/c1631698/content.html', '2026-06-22'),
  ('hainan_30d_cl', 'hainan_30d', 'CL', '2024-02-09', NULL, NULL, 'https://www.nia.gov.cn/n741440/n741542/c1631698/content.html', '2026-06-22'),
  ('hainan_30d_cy', 'hainan_30d', 'CY', '2024-02-09', NULL, NULL, 'https://www.nia.gov.cn/n741440/n741542/c1631698/content.html', '2026-06-22'),
  ('hainan_30d_cz', 'hainan_30d', 'CZ', '2024-02-09', NULL, NULL, 'https://www.nia.gov.cn/n741440/n741542/c1631698/content.html', '2026-06-22'),
  ('hainan_30d_de', 'hainan_30d', 'DE', '2024-02-09', NULL, NULL, 'https://www.nia.gov.cn/n741440/n741542/c1631698/content.html', '2026-06-22'),
  ('hainan_30d_dk', 'hainan_30d', 'DK', '2024-02-09', NULL, NULL, 'https://www.nia.gov.cn/n741440/n741542/c1631698/content.html', '2026-06-22'),
  ('hainan_30d_ee', 'hainan_30d', 'EE', '2024-02-09', NULL, NULL, 'https://www.nia.gov.cn/n741440/n741542/c1631698/content.html', '2026-06-22'),
  ('hainan_30d_es', 'hainan_30d', 'ES', '2024-02-09', NULL, NULL, 'https://www.nia.gov.cn/n741440/n741542/c1631698/content.html', '2026-06-22'),
  ('hainan_30d_fi', 'hainan_30d', 'FI', '2024-02-09', NULL, NULL, 'https://www.nia.gov.cn/n741440/n741542/c1631698/content.html', '2026-06-22'),
  ('hainan_30d_fr', 'hainan_30d', 'FR', '2024-02-09', NULL, NULL, 'https://www.nia.gov.cn/n741440/n741542/c1631698/content.html', '2026-06-22'),
  ('hainan_30d_gb', 'hainan_30d', 'GB', '2024-02-09', NULL, NULL, 'https://www.nia.gov.cn/n741440/n741542/c1631698/content.html', '2026-06-22'),
  ('hainan_30d_gr', 'hainan_30d', 'GR', '2024-02-09', NULL, NULL, 'https://www.nia.gov.cn/n741440/n741542/c1631698/content.html', '2026-06-22'),
  ('hainan_30d_hr', 'hainan_30d', 'HR', '2024-02-09', NULL, NULL, 'https://www.nia.gov.cn/n741440/n741542/c1631698/content.html', '2026-06-22'),
  ('hainan_30d_hu', 'hainan_30d', 'HU', '2024-02-09', NULL, NULL, 'https://www.nia.gov.cn/n741440/n741542/c1631698/content.html', '2026-06-22'),
  ('hainan_30d_id', 'hainan_30d', 'ID', '2024-02-09', NULL, NULL, 'https://www.nia.gov.cn/n741440/n741542/c1631698/content.html', '2026-06-22'),
  ('hainan_30d_ie', 'hainan_30d', 'IE', '2024-02-09', NULL, NULL, 'https://www.nia.gov.cn/n741440/n741542/c1631698/content.html', '2026-06-22'),
  ('hainan_30d_is', 'hainan_30d', 'IS', '2024-02-09', NULL, NULL, 'https://www.nia.gov.cn/n741440/n741542/c1631698/content.html', '2026-06-22'),
  ('hainan_30d_it', 'hainan_30d', 'IT', '2024-02-09', NULL, NULL, 'https://www.nia.gov.cn/n741440/n741542/c1631698/content.html', '2026-06-22'),
  ('hainan_30d_jp', 'hainan_30d', 'JP', '2024-02-09', NULL, NULL, 'https://www.nia.gov.cn/n741440/n741542/c1631698/content.html', '2026-06-22'),
  ('hainan_30d_kr', 'hainan_30d', 'KR', '2024-02-09', NULL, NULL, 'https://www.nia.gov.cn/n741440/n741542/c1631698/content.html', '2026-06-22'),
  ('hainan_30d_kz', 'hainan_30d', 'KZ', '2024-02-09', NULL, NULL, 'https://www.nia.gov.cn/n741440/n741542/c1631698/content.html', '2026-06-22'),
  ('hainan_30d_lt', 'hainan_30d', 'LT', '2024-02-09', NULL, NULL, 'https://www.nia.gov.cn/n741440/n741542/c1631698/content.html', '2026-06-22'),
  ('hainan_30d_lu', 'hainan_30d', 'LU', '2024-02-09', NULL, NULL, 'https://www.nia.gov.cn/n741440/n741542/c1631698/content.html', '2026-06-22'),
  ('hainan_30d_lv', 'hainan_30d', 'LV', '2024-02-09', NULL, NULL, 'https://www.nia.gov.cn/n741440/n741542/c1631698/content.html', '2026-06-22'),
  ('hainan_30d_mc', 'hainan_30d', 'MC', '2024-02-09', NULL, NULL, 'https://www.nia.gov.cn/n741440/n741542/c1631698/content.html', '2026-06-22'),
  ('hainan_30d_me', 'hainan_30d', 'ME', '2024-02-09', NULL, NULL, 'https://www.nia.gov.cn/n741440/n741542/c1631698/content.html', '2026-06-22'),
  ('hainan_30d_mk', 'hainan_30d', 'MK', '2024-02-09', NULL, NULL, 'https://www.nia.gov.cn/n741440/n741542/c1631698/content.html', '2026-06-22'),
  ('hainan_30d_mt', 'hainan_30d', 'MT', '2024-02-09', NULL, NULL, 'https://www.nia.gov.cn/n741440/n741542/c1631698/content.html', '2026-06-22'),
  ('hainan_30d_mx', 'hainan_30d', 'MX', '2024-02-09', NULL, NULL, 'https://www.nia.gov.cn/n741440/n741542/c1631698/content.html', '2026-06-22'),
  ('hainan_30d_my', 'hainan_30d', 'MY', '2024-02-09', NULL, NULL, 'https://www.nia.gov.cn/n741440/n741542/c1631698/content.html', '2026-06-22'),
  ('hainan_30d_nl', 'hainan_30d', 'NL', '2024-02-09', NULL, NULL, 'https://www.nia.gov.cn/n741440/n741542/c1631698/content.html', '2026-06-22'),
  ('hainan_30d_no', 'hainan_30d', 'NO', '2024-02-09', NULL, NULL, 'https://www.nia.gov.cn/n741440/n741542/c1631698/content.html', '2026-06-22'),
  ('hainan_30d_nz', 'hainan_30d', 'NZ', '2024-02-09', NULL, NULL, 'https://www.nia.gov.cn/n741440/n741542/c1631698/content.html', '2026-06-22'),
  ('hainan_30d_ph', 'hainan_30d', 'PH', '2024-02-09', NULL, NULL, 'https://www.nia.gov.cn/n741440/n741542/c1631698/content.html', '2026-06-22'),
  ('hainan_30d_pl', 'hainan_30d', 'PL', '2024-02-09', NULL, NULL, 'https://www.nia.gov.cn/n741440/n741542/c1631698/content.html', '2026-06-22'),
  ('hainan_30d_pt', 'hainan_30d', 'PT', '2024-02-09', NULL, NULL, 'https://www.nia.gov.cn/n741440/n741542/c1631698/content.html', '2026-06-22'),
  ('hainan_30d_qa', 'hainan_30d', 'QA', '2024-02-09', NULL, NULL, 'https://www.nia.gov.cn/n741440/n741542/c1631698/content.html', '2026-06-22'),
  ('hainan_30d_ro', 'hainan_30d', 'RO', '2024-02-09', NULL, NULL, 'https://www.nia.gov.cn/n741440/n741542/c1631698/content.html', '2026-06-22'),
  ('hainan_30d_rs', 'hainan_30d', 'RS', '2024-02-09', NULL, NULL, 'https://www.nia.gov.cn/n741440/n741542/c1631698/content.html', '2026-06-22'),
  ('hainan_30d_ru', 'hainan_30d', 'RU', '2024-02-09', NULL, NULL, 'https://www.nia.gov.cn/n741440/n741542/c1631698/content.html', '2026-06-22'),
  ('hainan_30d_se', 'hainan_30d', 'SE', '2024-02-09', NULL, NULL, 'https://www.nia.gov.cn/n741440/n741542/c1631698/content.html', '2026-06-22'),
  ('hainan_30d_sg', 'hainan_30d', 'SG', '2024-02-09', NULL, NULL, 'https://www.nia.gov.cn/n741440/n741542/c1631698/content.html', '2026-06-22'),
  ('hainan_30d_si', 'hainan_30d', 'SI', '2024-02-09', NULL, NULL, 'https://www.nia.gov.cn/n741440/n741542/c1631698/content.html', '2026-06-22'),
  ('hainan_30d_sk', 'hainan_30d', 'SK', '2024-02-09', NULL, NULL, 'https://www.nia.gov.cn/n741440/n741542/c1631698/content.html', '2026-06-22'),
  ('hainan_30d_th', 'hainan_30d', 'TH', '2024-02-09', NULL, NULL, 'https://www.nia.gov.cn/n741440/n741542/c1631698/content.html', '2026-06-22'),
  ('hainan_30d_ua', 'hainan_30d', 'UA', '2024-02-09', NULL, NULL, 'https://www.nia.gov.cn/n741440/n741542/c1631698/content.html', '2026-06-22'),
  ('hainan_30d_us', 'hainan_30d', 'US', '2024-02-09', NULL, NULL, 'https://www.nia.gov.cn/n741440/n741542/c1631698/content.html', '2026-06-22'),
  ('mutual_exempt_ae', 'mutual_exempt', 'AE', '2018-01-16', NULL, NULL, 'https://www.mfa.gov.cn/wjbzwfwpt/kzx/tzgg/202504/t20250414_11594222.html', '2026-06-22'),
  ('mutual_exempt_ag', 'mutual_exempt', 'AG', '2024-05-11', NULL, NULL, 'https://www.mfa.gov.cn/wjbzwfwpt/kzx/tzgg/202504/t20250414_11594222.html', '2026-06-22'),
  ('mutual_exempt_al', 'mutual_exempt', 'AL', '2023-03-18', NULL, NULL, 'https://www.mfa.gov.cn/wjbzwfwpt/kzx/tzgg/202504/t20250414_11594222.html', '2026-06-22'),
  ('mutual_exempt_am', 'mutual_exempt', 'AM', '2020-01-19', NULL, NULL, 'https://www.mfa.gov.cn/wjbzwfwpt/kzx/tzgg/202504/t20250414_11594222.html', '2026-06-22'),
  ('mutual_exempt_az', 'mutual_exempt', 'AZ', '2025-07-16', NULL, NULL, 'https://www.mfa.gov.cn/wjbzwfwpt/kzx/tzgg/202504/t20250414_11594222.html', '2026-06-22'),
  ('mutual_exempt_ba', 'mutual_exempt', 'BA', '2018-05-29', NULL, NULL, 'https://www.mfa.gov.cn/wjbzwfwpt/kzx/tzgg/202504/t20250414_11594222.html', '2026-06-22'),
  ('mutual_exempt_bb', 'mutual_exempt', 'BB', '2017-06-01', NULL, NULL, 'https://www.mfa.gov.cn/wjbzwfwpt/kzx/tzgg/202504/t20250414_11594222.html', '2026-06-22'),
  ('mutual_exempt_bs', 'mutual_exempt', 'BS', '2014-02-12', NULL, NULL, 'https://www.mfa.gov.cn/wjbzwfwpt/kzx/tzgg/202504/t20250414_11594222.html', '2026-06-22'),
  ('mutual_exempt_by', 'mutual_exempt', 'BY', '2018-08-10', NULL, NULL, 'https://www.mfa.gov.cn/wjbzwfwpt/kzx/tzgg/202504/t20250414_11594222.html', '2026-06-22'),
  ('mutual_exempt_dm', 'mutual_exempt', 'DM', '2022-09-19', NULL, NULL, 'https://www.mfa.gov.cn/wjbzwfwpt/kzx/tzgg/202504/t20250414_11594222.html', '2026-06-22'),
  ('mutual_exempt_ec', 'mutual_exempt', 'EC', '2016-08-18', NULL, NULL, 'https://www.mfa.gov.cn/wjbzwfwpt/kzx/tzgg/202504/t20250414_11594222.html', '2026-06-22'),
  ('mutual_exempt_fj', 'mutual_exempt', 'FJ', '2015-03-14', NULL, NULL, 'https://www.mfa.gov.cn/wjbzwfwpt/kzx/tzgg/202504/t20250414_11594222.html', '2026-06-22'),
  ('mutual_exempt_gd', 'mutual_exempt', 'GD', '2015-06-10', NULL, NULL, 'https://www.mfa.gov.cn/wjbzwfwpt/kzx/tzgg/202504/t20250414_11594222.html', '2026-06-22'),
  ('mutual_exempt_ge', 'mutual_exempt', 'GE', '2024-05-28', NULL, NULL, 'https://www.mfa.gov.cn/wjbzwfwpt/kzx/tzgg/202504/t20250414_11594222.html', '2026-06-22'),
  ('mutual_exempt_mu', 'mutual_exempt', 'MU', '2013-10-31', NULL, NULL, 'https://www.mfa.gov.cn/wjbzwfwpt/kzx/tzgg/202504/t20250414_11594222.html', '2026-06-22'),
  ('mutual_exempt_mv', 'mutual_exempt', 'MV', '2022-05-20', NULL, NULL, 'https://www.mfa.gov.cn/wjbzwfwpt/kzx/tzgg/202504/t20250414_11594222.html', '2026-06-22'),
  ('mutual_exempt_my', 'mutual_exempt', 'MY', '2025-07-17', NULL, NULL, 'https://www.mfa.gov.cn/wjbzwfwpt/kzx/tzgg/202504/t20250414_11594222.html', '2026-06-22'),
  ('mutual_exempt_rs', 'mutual_exempt', 'RS', '2017-01-15', NULL, NULL, 'https://www.mfa.gov.cn/wjbzwfwpt/kzx/tzgg/202504/t20250414_11594222.html', '2026-06-22'),
  ('mutual_exempt_sb', 'mutual_exempt', 'SB', '2024-12-28', NULL, NULL, 'https://www.mfa.gov.cn/wjbzwfwpt/kzx/tzgg/202504/t20250414_11594222.html', '2026-06-22'),
  ('mutual_exempt_sc', 'mutual_exempt', 'SC', '2013-06-26', NULL, NULL, 'https://www.mfa.gov.cn/wjbzwfwpt/kzx/tzgg/202504/t20250414_11594222.html', '2026-06-22'),
  ('mutual_exempt_sg', 'mutual_exempt', 'SG', '2024-02-09', NULL, NULL, 'https://www.mfa.gov.cn/wjbzwfwpt/kzx/tzgg/202504/t20250414_11594222.html', '2026-06-22'),
  ('mutual_exempt_sm', 'mutual_exempt', 'SM', '1985-07-22', NULL, NULL, 'https://www.mfa.gov.cn/wjbzwfwpt/kzx/tzgg/202504/t20250414_11594222.html', '2026-06-22'),
  ('mutual_exempt_sr', 'mutual_exempt', 'SR', '2021-05-01', NULL, NULL, 'https://www.mfa.gov.cn/wjbzwfwpt/kzx/tzgg/202504/t20250414_11594222.html', '2026-06-22'),
  ('mutual_exempt_th', 'mutual_exempt', 'TH', '2024-03-01', NULL, NULL, 'https://www.mfa.gov.cn/wjbzwfwpt/kzx/tzgg/202504/t20250414_11594222.html', '2026-06-22'),
  ('mutual_exempt_to', 'mutual_exempt', 'TO', '2016-08-19', NULL, NULL, 'https://www.mfa.gov.cn/wjbzwfwpt/kzx/tzgg/202504/t20250414_11594222.html', '2026-06-22'),
  ('mutual_exempt_uz', 'mutual_exempt', 'UZ', '2025-06-01', NULL, NULL, 'https://www.mfa.gov.cn/wjbzwfwpt/kzx/tzgg/202504/t20250414_11594222.html', '2026-06-22'),
  ('mutual_exempt_ws', 'mutual_exempt', 'WS', '2025-04-02', NULL, NULL, 'https://www.mfa.gov.cn/wjbzwfwpt/kzx/tzgg/202504/t20250414_11594222.html', '2026-06-22'),
  ('twov_240h_ae', 'twov_240h', 'AE', '2024-12-17', NULL, NULL, 'https://www.nia.gov.cn/n741440/n741577/c1731205/content.html', '2026-06-22'),
  ('twov_240h_al', 'twov_240h', 'AL', '2024-12-17', NULL, NULL, 'https://www.nia.gov.cn/n741440/n741577/c1731205/content.html', '2026-06-22'),
  ('twov_240h_ar', 'twov_240h', 'AR', '2024-12-17', NULL, NULL, 'https://www.nia.gov.cn/n741440/n741577/c1731205/content.html', '2026-06-22'),
  ('twov_240h_at', 'twov_240h', 'AT', '2024-12-17', NULL, NULL, 'https://www.nia.gov.cn/n741440/n741577/c1731205/content.html', '2026-06-22'),
  ('twov_240h_au', 'twov_240h', 'AU', '2024-12-17', NULL, NULL, 'https://www.nia.gov.cn/n741440/n741577/c1731205/content.html', '2026-06-22'),
  ('twov_240h_ba', 'twov_240h', 'BA', '2024-12-17', NULL, NULL, 'https://www.nia.gov.cn/n741440/n741577/c1731205/content.html', '2026-06-22'),
  ('twov_240h_be', 'twov_240h', 'BE', '2024-12-17', NULL, NULL, 'https://www.nia.gov.cn/n741440/n741577/c1731205/content.html', '2026-06-22'),
  ('twov_240h_bg', 'twov_240h', 'BG', '2024-12-17', NULL, NULL, 'https://www.nia.gov.cn/n741440/n741577/c1731205/content.html', '2026-06-22'),
  ('twov_240h_bn', 'twov_240h', 'BN', '2024-12-17', NULL, NULL, 'https://www.nia.gov.cn/n741440/n741577/c1731205/content.html', '2026-06-22'),
  ('twov_240h_br', 'twov_240h', 'BR', '2024-12-17', NULL, NULL, 'https://www.nia.gov.cn/n741440/n741577/c1731205/content.html', '2026-06-22'),
  ('twov_240h_by', 'twov_240h', 'BY', '2024-12-17', NULL, NULL, 'https://www.nia.gov.cn/n741440/n741577/c1731205/content.html', '2026-06-22'),
  ('twov_240h_ca', 'twov_240h', 'CA', '2024-12-17', NULL, NULL, 'https://www.nia.gov.cn/n741440/n741577/c1731205/content.html', '2026-06-22'),
  ('twov_240h_ch', 'twov_240h', 'CH', '2024-12-17', NULL, NULL, 'https://www.nia.gov.cn/n741440/n741577/c1731205/content.html', '2026-06-22'),
  ('twov_240h_cl', 'twov_240h', 'CL', '2024-12-17', NULL, NULL, 'https://www.nia.gov.cn/n741440/n741577/c1731205/content.html', '2026-06-22'),
  ('twov_240h_cy', 'twov_240h', 'CY', '2024-12-17', NULL, NULL, 'https://www.nia.gov.cn/n741440/n741577/c1731205/content.html', '2026-06-22'),
  ('twov_240h_cz', 'twov_240h', 'CZ', '2024-12-17', NULL, NULL, 'https://www.nia.gov.cn/n741440/n741577/c1731205/content.html', '2026-06-22'),
  ('twov_240h_de', 'twov_240h', 'DE', '2024-12-17', NULL, NULL, 'https://www.nia.gov.cn/n741440/n741577/c1731205/content.html', '2026-06-22'),
  ('twov_240h_dk', 'twov_240h', 'DK', '2024-12-17', NULL, NULL, 'https://www.nia.gov.cn/n741440/n741577/c1731205/content.html', '2026-06-22'),
  ('twov_240h_ee', 'twov_240h', 'EE', '2024-12-17', NULL, NULL, 'https://www.nia.gov.cn/n741440/n741577/c1731205/content.html', '2026-06-22'),
  ('twov_240h_es', 'twov_240h', 'ES', '2024-12-17', NULL, NULL, 'https://www.nia.gov.cn/n741440/n741577/c1731205/content.html', '2026-06-22'),
  ('twov_240h_fi', 'twov_240h', 'FI', '2024-12-17', NULL, NULL, 'https://www.nia.gov.cn/n741440/n741577/c1731205/content.html', '2026-06-22'),
  ('twov_240h_fr', 'twov_240h', 'FR', '2024-12-17', NULL, NULL, 'https://www.nia.gov.cn/n741440/n741577/c1731205/content.html', '2026-06-22'),
  ('twov_240h_gb', 'twov_240h', 'GB', '2024-12-17', NULL, NULL, 'https://www.nia.gov.cn/n741440/n741577/c1731205/content.html', '2026-06-22'),
  ('twov_240h_gr', 'twov_240h', 'GR', '2024-12-17', NULL, NULL, 'https://www.nia.gov.cn/n741440/n741577/c1731205/content.html', '2026-06-22'),
  ('twov_240h_hr', 'twov_240h', 'HR', '2024-12-17', NULL, NULL, 'https://www.nia.gov.cn/n741440/n741577/c1731205/content.html', '2026-06-22'),
  ('twov_240h_hu', 'twov_240h', 'HU', '2024-12-17', NULL, NULL, 'https://www.nia.gov.cn/n741440/n741577/c1731205/content.html', '2026-06-22'),
  ('twov_240h_id', 'twov_240h', 'ID', '2025-06-12', NULL, NULL, 'https://www.nia.gov.cn/n897453/c1722957/content.html', '2026-06-22'),
  ('twov_240h_ie', 'twov_240h', 'IE', '2024-12-17', NULL, NULL, 'https://www.nia.gov.cn/n741440/n741577/c1731205/content.html', '2026-06-22'),
  ('twov_240h_is', 'twov_240h', 'IS', '2024-12-17', NULL, NULL, 'https://www.nia.gov.cn/n741440/n741577/c1731205/content.html', '2026-06-22'),
  ('twov_240h_it', 'twov_240h', 'IT', '2024-12-17', NULL, NULL, 'https://www.nia.gov.cn/n741440/n741577/c1731205/content.html', '2026-06-22'),
  ('twov_240h_jp', 'twov_240h', 'JP', '2024-12-17', NULL, NULL, 'https://www.nia.gov.cn/n741440/n741577/c1731205/content.html', '2026-06-22'),
  ('twov_240h_kr', 'twov_240h', 'KR', '2024-12-17', NULL, NULL, 'https://www.nia.gov.cn/n741440/n741577/c1731205/content.html', '2026-06-22'),
  ('twov_240h_lt', 'twov_240h', 'LT', '2024-12-17', NULL, NULL, 'https://www.nia.gov.cn/n741440/n741577/c1731205/content.html', '2026-06-22'),
  ('twov_240h_lu', 'twov_240h', 'LU', '2024-12-17', NULL, NULL, 'https://www.nia.gov.cn/n741440/n741577/c1731205/content.html', '2026-06-22'),
  ('twov_240h_lv', 'twov_240h', 'LV', '2024-12-17', NULL, NULL, 'https://www.nia.gov.cn/n741440/n741577/c1731205/content.html', '2026-06-22'),
  ('twov_240h_mc', 'twov_240h', 'MC', '2024-12-17', NULL, NULL, 'https://www.nia.gov.cn/n741440/n741577/c1731205/content.html', '2026-06-22'),
  ('twov_240h_me', 'twov_240h', 'ME', '2024-12-17', NULL, NULL, 'https://www.nia.gov.cn/n741440/n741577/c1731205/content.html', '2026-06-22'),
  ('twov_240h_mk', 'twov_240h', 'MK', '2024-12-17', NULL, NULL, 'https://www.nia.gov.cn/n741440/n741577/c1731205/content.html', '2026-06-22'),
  ('twov_240h_mt', 'twov_240h', 'MT', '2024-12-17', NULL, NULL, 'https://www.nia.gov.cn/n741440/n741577/c1731205/content.html', '2026-06-22'),
  ('twov_240h_mx', 'twov_240h', 'MX', '2024-12-17', NULL, NULL, 'https://www.nia.gov.cn/n741440/n741577/c1731205/content.html', '2026-06-22'),
  ('twov_240h_nl', 'twov_240h', 'NL', '2024-12-17', NULL, NULL, 'https://www.nia.gov.cn/n741440/n741577/c1731205/content.html', '2026-06-22'),
  ('twov_240h_no', 'twov_240h', 'NO', '2024-12-17', NULL, NULL, 'https://www.nia.gov.cn/n741440/n741577/c1731205/content.html', '2026-06-22'),
  ('twov_240h_nz', 'twov_240h', 'NZ', '2024-12-17', NULL, NULL, 'https://www.nia.gov.cn/n741440/n741577/c1731205/content.html', '2026-06-22'),
  ('twov_240h_pl', 'twov_240h', 'PL', '2024-12-17', NULL, NULL, 'https://www.nia.gov.cn/n741440/n741577/c1731205/content.html', '2026-06-22'),
  ('twov_240h_pt', 'twov_240h', 'PT', '2024-12-17', NULL, NULL, 'https://www.nia.gov.cn/n741440/n741577/c1731205/content.html', '2026-06-22'),
  ('twov_240h_qa', 'twov_240h', 'QA', '2024-12-17', NULL, NULL, 'https://www.nia.gov.cn/n741440/n741577/c1731205/content.html', '2026-06-22'),
  ('twov_240h_ro', 'twov_240h', 'RO', '2024-12-17', NULL, NULL, 'https://www.nia.gov.cn/n741440/n741577/c1731205/content.html', '2026-06-22'),
  ('twov_240h_rs', 'twov_240h', 'RS', '2024-12-17', NULL, NULL, 'https://www.nia.gov.cn/n741440/n741577/c1731205/content.html', '2026-06-22'),
  ('twov_240h_ru', 'twov_240h', 'RU', '2024-12-17', NULL, NULL, 'https://www.nia.gov.cn/n741440/n741577/c1731205/content.html', '2026-06-22'),
  ('twov_240h_se', 'twov_240h', 'SE', '2024-12-17', NULL, NULL, 'https://www.nia.gov.cn/n741440/n741577/c1731205/content.html', '2026-06-22'),
  ('twov_240h_sg', 'twov_240h', 'SG', '2024-12-17', NULL, NULL, 'https://www.nia.gov.cn/n741440/n741577/c1731205/content.html', '2026-06-22'),
  ('twov_240h_si', 'twov_240h', 'SI', '2024-12-17', NULL, NULL, 'https://www.nia.gov.cn/n741440/n741577/c1731205/content.html', '2026-06-22'),
  ('twov_240h_sk', 'twov_240h', 'SK', '2024-12-17', NULL, NULL, 'https://www.nia.gov.cn/n741440/n741577/c1731205/content.html', '2026-06-22'),
  ('twov_240h_ua', 'twov_240h', 'UA', '2024-12-17', NULL, NULL, 'https://www.nia.gov.cn/n741440/n741577/c1731205/content.html', '2026-06-22'),
  ('twov_240h_us', 'twov_240h', 'US', '2024-12-17', NULL, NULL, 'https://www.nia.gov.cn/n741440/n741577/c1731205/content.html', '2026-06-22'),
  ('unilateral_30d_ad', 'unilateral_30d', 'AD', '1900-01-01', '2026-12-31', NULL, 'https://www.nia.gov.cn/n741440/n741577/c1731154/content.html', '2026-06-22'),
  ('unilateral_30d_ar', 'unilateral_30d', 'AR', '1900-01-01', '2026-12-31', NULL, 'https://www.nia.gov.cn/n741440/n741577/c1731154/content.html', '2026-06-22'),
  ('unilateral_30d_at', 'unilateral_30d', 'AT', '1900-01-01', '2026-12-31', NULL, 'https://www.nia.gov.cn/n741440/n741577/c1731154/content.html', '2026-06-22'),
  ('unilateral_30d_au', 'unilateral_30d', 'AU', '1900-01-01', '2026-12-31', NULL, 'https://www.nia.gov.cn/n741440/n741577/c1731154/content.html', '2026-06-22'),
  ('unilateral_30d_be', 'unilateral_30d', 'BE', '1900-01-01', '2026-12-31', NULL, 'https://www.nia.gov.cn/n741440/n741577/c1731154/content.html', '2026-06-22'),
  ('unilateral_30d_bg', 'unilateral_30d', 'BG', '1900-01-01', '2026-12-31', NULL, 'https://www.nia.gov.cn/n741440/n741577/c1731154/content.html', '2026-06-22'),
  ('unilateral_30d_bh', 'unilateral_30d', 'BH', '1900-01-01', '2026-12-31', NULL, 'https://www.nia.gov.cn/n741440/n741577/c1731154/content.html', '2026-06-22'),
  ('unilateral_30d_bn', 'unilateral_30d', 'BN', '1900-01-01', NULL, NULL, 'https://www.nia.gov.cn/n741440/n741577/c1731154/content.html', '2026-06-22'),
  ('unilateral_30d_br', 'unilateral_30d', 'BR', '1900-01-01', '2026-12-31', NULL, 'https://www.nia.gov.cn/n741440/n741577/c1731154/content.html', '2026-06-22'),
  ('unilateral_30d_ca', 'unilateral_30d', 'CA', '1900-01-01', '2026-12-31', NULL, 'https://www.nia.gov.cn/n741440/n741577/c1731154/content.html', '2026-06-22'),
  ('unilateral_30d_ch', 'unilateral_30d', 'CH', '1900-01-01', '2026-12-31', NULL, 'https://www.nia.gov.cn/n741440/n741577/c1731154/content.html', '2026-06-22'),
  ('unilateral_30d_cl', 'unilateral_30d', 'CL', '1900-01-01', '2026-12-31', NULL, 'https://www.nia.gov.cn/n741440/n741577/c1731154/content.html', '2026-06-22'),
  ('unilateral_30d_cy', 'unilateral_30d', 'CY', '1900-01-01', '2026-12-31', NULL, 'https://www.nia.gov.cn/n741440/n741577/c1731154/content.html', '2026-06-22'),
  ('unilateral_30d_de', 'unilateral_30d', 'DE', '1900-01-01', '2026-12-31', NULL, 'https://www.nia.gov.cn/n741440/n741577/c1731154/content.html', '2026-06-22'),
  ('unilateral_30d_dk', 'unilateral_30d', 'DK', '1900-01-01', '2026-12-31', NULL, 'https://www.nia.gov.cn/n741440/n741577/c1731154/content.html', '2026-06-22'),
  ('unilateral_30d_ee', 'unilateral_30d', 'EE', '1900-01-01', '2026-12-31', NULL, 'https://www.nia.gov.cn/n741440/n741577/c1731154/content.html', '2026-06-22'),
  ('unilateral_30d_es', 'unilateral_30d', 'ES', '1900-01-01', '2026-12-31', NULL, 'https://www.nia.gov.cn/n741440/n741577/c1731154/content.html', '2026-06-22'),
  ('unilateral_30d_fi', 'unilateral_30d', 'FI', '1900-01-01', '2026-12-31', NULL, 'https://www.nia.gov.cn/n741440/n741577/c1731154/content.html', '2026-06-22'),
  ('unilateral_30d_fr', 'unilateral_30d', 'FR', '1900-01-01', '2026-12-31', NULL, 'https://www.nia.gov.cn/n741440/n741577/c1731154/content.html', '2026-06-22'),
  ('unilateral_30d_gb', 'unilateral_30d', 'GB', '1900-01-01', '2026-12-31', NULL, 'https://www.nia.gov.cn/n741440/n741577/c1731154/content.html', '2026-06-22'),
  ('unilateral_30d_gr', 'unilateral_30d', 'GR', '1900-01-01', '2026-12-31', NULL, 'https://www.nia.gov.cn/n741440/n741577/c1731154/content.html', '2026-06-22'),
  ('unilateral_30d_hr', 'unilateral_30d', 'HR', '1900-01-01', '2026-12-31', NULL, 'https://www.nia.gov.cn/n741440/n741577/c1731154/content.html', '2026-06-22'),
  ('unilateral_30d_hu', 'unilateral_30d', 'HU', '1900-01-01', '2026-12-31', NULL, 'https://www.nia.gov.cn/n741440/n741577/c1731154/content.html', '2026-06-22'),
  ('unilateral_30d_ie', 'unilateral_30d', 'IE', '1900-01-01', '2026-12-31', NULL, 'https://www.nia.gov.cn/n741440/n741577/c1731154/content.html', '2026-06-22'),
  ('unilateral_30d_is', 'unilateral_30d', 'IS', '1900-01-01', '2026-12-31', NULL, 'https://www.nia.gov.cn/n741440/n741577/c1731154/content.html', '2026-06-22'),
  ('unilateral_30d_it', 'unilateral_30d', 'IT', '1900-01-01', '2026-12-31', NULL, 'https://www.nia.gov.cn/n741440/n741577/c1731154/content.html', '2026-06-22'),
  ('unilateral_30d_jp', 'unilateral_30d', 'JP', '1900-01-01', '2026-12-31', NULL, 'https://www.nia.gov.cn/n741440/n741577/c1731154/content.html', '2026-06-22'),
  ('unilateral_30d_kr', 'unilateral_30d', 'KR', '1900-01-01', '2026-12-31', NULL, 'https://www.nia.gov.cn/n741440/n741577/c1731154/content.html', '2026-06-22'),
  ('unilateral_30d_kw', 'unilateral_30d', 'KW', '1900-01-01', '2026-12-31', NULL, 'https://www.nia.gov.cn/n741440/n741577/c1731154/content.html', '2026-06-22'),
  ('unilateral_30d_li', 'unilateral_30d', 'LI', '1900-01-01', '2026-12-31', NULL, 'https://www.nia.gov.cn/n741440/n741577/c1731154/content.html', '2026-06-22'),
  ('unilateral_30d_lu', 'unilateral_30d', 'LU', '1900-01-01', '2026-12-31', NULL, 'https://www.nia.gov.cn/n741440/n741577/c1731154/content.html', '2026-06-22'),
  ('unilateral_30d_lv', 'unilateral_30d', 'LV', '1900-01-01', '2026-12-31', NULL, 'https://www.nia.gov.cn/n741440/n741577/c1731154/content.html', '2026-06-22'),
  ('unilateral_30d_mc', 'unilateral_30d', 'MC', '1900-01-01', '2026-12-31', NULL, 'https://www.nia.gov.cn/n741440/n741577/c1731154/content.html', '2026-06-22'),
  ('unilateral_30d_me', 'unilateral_30d', 'ME', '1900-01-01', '2026-12-31', NULL, 'https://www.nia.gov.cn/n741440/n741577/c1731154/content.html', '2026-06-22'),
  ('unilateral_30d_mk', 'unilateral_30d', 'MK', '1900-01-01', '2026-12-31', NULL, 'https://www.nia.gov.cn/n741440/n741577/c1731154/content.html', '2026-06-22'),
  ('unilateral_30d_mt', 'unilateral_30d', 'MT', '1900-01-01', '2026-12-31', NULL, 'https://www.nia.gov.cn/n741440/n741577/c1731154/content.html', '2026-06-22'),
  ('unilateral_30d_nl', 'unilateral_30d', 'NL', '1900-01-01', '2026-12-31', NULL, 'https://www.nia.gov.cn/n741440/n741577/c1731154/content.html', '2026-06-22'),
  ('unilateral_30d_no', 'unilateral_30d', 'NO', '1900-01-01', '2026-12-31', NULL, 'https://www.nia.gov.cn/n741440/n741577/c1731154/content.html', '2026-06-22'),
  ('unilateral_30d_nz', 'unilateral_30d', 'NZ', '1900-01-01', '2026-12-31', NULL, 'https://www.nia.gov.cn/n741440/n741577/c1731154/content.html', '2026-06-22'),
  ('unilateral_30d_om', 'unilateral_30d', 'OM', '1900-01-01', '2026-12-31', NULL, 'https://www.nia.gov.cn/n741440/n741577/c1731154/content.html', '2026-06-22'),
  ('unilateral_30d_pe', 'unilateral_30d', 'PE', '1900-01-01', '2026-12-31', NULL, 'https://www.nia.gov.cn/n741440/n741577/c1731154/content.html', '2026-06-22'),
  ('unilateral_30d_pl', 'unilateral_30d', 'PL', '1900-01-01', '2026-12-31', NULL, 'https://www.nia.gov.cn/n741440/n741577/c1731154/content.html', '2026-06-22'),
  ('unilateral_30d_pt', 'unilateral_30d', 'PT', '1900-01-01', '2026-12-31', NULL, 'https://www.nia.gov.cn/n741440/n741577/c1731154/content.html', '2026-06-22'),
  ('unilateral_30d_ro', 'unilateral_30d', 'RO', '1900-01-01', '2026-12-31', NULL, 'https://www.nia.gov.cn/n741440/n741577/c1731154/content.html', '2026-06-22'),
  ('unilateral_30d_ru', 'unilateral_30d', 'RU', '2025-09-15', '2027-12-31', NULL, 'https://www.nia.gov.cn/n741440/n741577/c1731154/content.html', '2026-06-22'),
  ('unilateral_30d_sa', 'unilateral_30d', 'SA', '1900-01-01', '2026-12-31', NULL, 'https://www.nia.gov.cn/n741440/n741577/c1731154/content.html', '2026-06-22'),
  ('unilateral_30d_se', 'unilateral_30d', 'SE', '2025-11-10', '2026-12-31', NULL, 'https://cs.mfa.gov.cn/lgk1/202511/t20251103_11746081.shtml', '2026-06-22'),
  ('unilateral_30d_si', 'unilateral_30d', 'SI', '1900-01-01', '2026-12-31', NULL, 'https://www.nia.gov.cn/n741440/n741577/c1731154/content.html', '2026-06-22'),
  ('unilateral_30d_sk', 'unilateral_30d', 'SK', '1900-01-01', '2026-12-31', NULL, 'https://www.nia.gov.cn/n741440/n741577/c1731154/content.html', '2026-06-22'),
  ('unilateral_30d_uy', 'unilateral_30d', 'UY', '1900-01-01', '2026-12-31', NULL, 'https://www.nia.gov.cn/n741440/n741577/c1731154/content.html', '2026-06-22')
ON CONFLICT (id) DO NOTHING;

-- ════════════════ 城市×政策矩阵（920，派生只读）════════════════
INSERT INTO visa_city_policy_matrix (city_id, policy_id, feasibility, note) VALUES
  ('110000', 'cruise_15d', 'ok', NULL),
  ('120000', 'cruise_15d', 'ok', NULL),
  ('130000', 'cruise_15d', 'ok', NULL),
  ('130100', 'cruise_15d', 'ok', NULL),
  ('130300', 'cruise_15d', 'ok', NULL),
  ('140000', 'cruise_15d', 'no', NULL),
  ('140100', 'cruise_15d', 'no', NULL),
  ('140200', 'cruise_15d', 'no', NULL),
  ('140800', 'cruise_15d', 'no', NULL),
  ('150000', 'cruise_15d', 'no', NULL),
  ('150100', 'cruise_15d', 'no', NULL),
  ('210000', 'cruise_15d', 'ok', NULL),
  ('210100', 'cruise_15d', 'ok', NULL),
  ('210200', 'cruise_15d', 'ok', NULL),
  ('220000', 'cruise_15d', 'no', NULL),
  ('220100', 'cruise_15d', 'no', NULL),
  ('230000', 'cruise_15d', 'no', NULL),
  ('230100', 'cruise_15d', 'no', NULL),
  ('310000', 'cruise_15d', 'ok', NULL),
  ('320000', 'cruise_15d', 'ok', NULL),
  ('320100', 'cruise_15d', 'ok', NULL),
  ('320200', 'cruise_15d', 'ok', NULL),
  ('320500', 'cruise_15d', 'ok', NULL),
  ('320700', 'cruise_15d', 'ok', NULL),
  ('321000', 'cruise_15d', 'ok', NULL),
  ('321200', 'cruise_15d', 'ok', NULL),
  ('330000', 'cruise_15d', 'ok', NULL),
  ('330100', 'cruise_15d', 'ok', NULL),
  ('330200', 'cruise_15d', 'ok', NULL),
  ('330300', 'cruise_15d', 'ok', NULL),
  ('330782', 'cruise_15d', 'ok', NULL),
  ('330900', 'cruise_15d', 'ok', NULL),
  ('340000', 'cruise_15d', 'no', NULL),
  ('340100', 'cruise_15d', 'no', NULL),
  ('341000', 'cruise_15d', 'no', NULL),
  ('350000', 'cruise_15d', 'ok', NULL),
  ('350100', 'cruise_15d', 'ok', NULL),
  ('350200', 'cruise_15d', 'ok', NULL),
  ('350500', 'cruise_15d', 'ok', NULL),
  ('350782', 'cruise_15d', 'ok', NULL),
  ('360000', 'cruise_15d', 'no', NULL),
  ('360100', 'cruise_15d', 'no', NULL),
  ('360200', 'cruise_15d', 'no', NULL),
  ('370000', 'cruise_15d', 'ok', NULL),
  ('370100', 'cruise_15d', 'ok', NULL),
  ('370200', 'cruise_15d', 'ok', NULL),
  ('370600', 'cruise_15d', 'ok', NULL),
  ('371000', 'cruise_15d', 'ok', NULL),
  ('410000', 'cruise_15d', 'no', NULL),
  ('410100', 'cruise_15d', 'no', NULL),
  ('420000', 'cruise_15d', 'no', NULL),
  ('420100', 'cruise_15d', 'no', NULL),
  ('430000', 'cruise_15d', 'no', NULL),
  ('430100', 'cruise_15d', 'no', NULL),
  ('430800', 'cruise_15d', 'no', NULL),
  ('440000', 'cruise_15d', 'ok', NULL),
  ('440100', 'cruise_15d', 'ok', NULL),
  ('440300', 'cruise_15d', 'ok', NULL),
  ('440600', 'cruise_15d', 'ok', NULL),
  ('445200', 'cruise_15d', 'ok', NULL),
  ('450000', 'cruise_15d', 'ok', NULL),
  ('450100', 'cruise_15d', 'ok', NULL),
  ('450200', 'cruise_15d', 'ok', NULL),
  ('450300', 'cruise_15d', 'ok', NULL),
  ('450400', 'cruise_15d', 'ok', NULL),
  ('450500', 'cruise_15d', 'ok', NULL),
  ('450600', 'cruise_15d', 'ok', NULL),
  ('450700', 'cruise_15d', 'ok', NULL),
  ('450800', 'cruise_15d', 'ok', NULL),
  ('450900', 'cruise_15d', 'ok', NULL),
  ('451100', 'cruise_15d', 'ok', NULL),
  ('451200', 'cruise_15d', 'ok', NULL),
  ('451300', 'cruise_15d', 'ok', NULL),
  ('460000', 'cruise_15d', 'ok', NULL),
  ('460100', 'cruise_15d', 'ok', NULL),
  ('460200', 'cruise_15d', 'ok', NULL),
  ('460400', 'cruise_15d', 'ok', NULL),
  ('469002', 'cruise_15d', 'ok', NULL),
  ('469005', 'cruise_15d', 'ok', NULL),
  ('469007', 'cruise_15d', 'ok', NULL),
  ('500000', 'cruise_15d', 'no', NULL),
  ('510000', 'cruise_15d', 'no', NULL),
  ('510100', 'cruise_15d', 'no', NULL),
  ('510300', 'cruise_15d', 'no', NULL),
  ('510500', 'cruise_15d', 'no', NULL),
  ('510600', 'cruise_15d', 'no', NULL),
  ('510900', 'cruise_15d', 'no', NULL),
  ('511000', 'cruise_15d', 'no', NULL),
  ('511100', 'cruise_15d', 'no', NULL),
  ('511400', 'cruise_15d', 'no', NULL),
  ('511500', 'cruise_15d', 'no', NULL),
  ('511800', 'cruise_15d', 'no', NULL),
  ('512000', 'cruise_15d', 'no', NULL),
  ('520000', 'cruise_15d', 'no', NULL),
  ('520100', 'cruise_15d', 'no', NULL),
  ('530000', 'cruise_15d', 'no', NULL),
  ('530100', 'cruise_15d', 'no', NULL),
  ('530400', 'cruise_15d', 'no', NULL),
  ('530700', 'cruise_15d', 'no', NULL),
  ('530800', 'cruise_15d', 'no', NULL),
  ('532300', 'cruise_15d', 'no', NULL),
  ('532500', 'cruise_15d', 'no', NULL),
  ('532600', 'cruise_15d', 'no', NULL),
  ('532800', 'cruise_15d', 'no', NULL),
  ('532900', 'cruise_15d', 'no', NULL),
  ('540000', 'cruise_15d', 'no', NULL),
  ('540100', 'cruise_15d', 'no', NULL),
  ('610000', 'cruise_15d', 'no', NULL),
  ('610100', 'cruise_15d', 'no', NULL),
  ('620000', 'cruise_15d', 'no', NULL),
  ('620100', 'cruise_15d', 'no', NULL),
  ('630000', 'cruise_15d', 'no', NULL),
  ('640000', 'cruise_15d', 'no', NULL),
  ('650000', 'cruise_15d', 'no', NULL),
  ('650100', 'cruise_15d', 'no', NULL),
  ('110000', 'group_asean_xsbn', 'no', NULL),
  ('120000', 'group_asean_xsbn', 'no', NULL),
  ('130000', 'group_asean_xsbn', 'no', NULL),
  ('130100', 'group_asean_xsbn', 'no', NULL),
  ('130300', 'group_asean_xsbn', 'no', NULL),
  ('140000', 'group_asean_xsbn', 'no', NULL),
  ('140100', 'group_asean_xsbn', 'no', NULL),
  ('140200', 'group_asean_xsbn', 'no', NULL),
  ('140800', 'group_asean_xsbn', 'no', NULL),
  ('150000', 'group_asean_xsbn', 'no', NULL),
  ('150100', 'group_asean_xsbn', 'no', NULL),
  ('210000', 'group_asean_xsbn', 'no', NULL),
  ('210100', 'group_asean_xsbn', 'no', NULL),
  ('210200', 'group_asean_xsbn', 'no', NULL),
  ('220000', 'group_asean_xsbn', 'no', NULL),
  ('220100', 'group_asean_xsbn', 'no', NULL),
  ('230000', 'group_asean_xsbn', 'no', NULL),
  ('230100', 'group_asean_xsbn', 'no', NULL),
  ('310000', 'group_asean_xsbn', 'no', NULL),
  ('320000', 'group_asean_xsbn', 'no', NULL),
  ('320100', 'group_asean_xsbn', 'no', NULL),
  ('320200', 'group_asean_xsbn', 'no', NULL),
  ('320500', 'group_asean_xsbn', 'no', NULL),
  ('320700', 'group_asean_xsbn', 'no', NULL),
  ('321000', 'group_asean_xsbn', 'no', NULL),
  ('321200', 'group_asean_xsbn', 'no', NULL),
  ('330000', 'group_asean_xsbn', 'no', NULL),
  ('330100', 'group_asean_xsbn', 'no', NULL),
  ('330200', 'group_asean_xsbn', 'no', NULL),
  ('330300', 'group_asean_xsbn', 'no', NULL),
  ('330782', 'group_asean_xsbn', 'no', NULL),
  ('330900', 'group_asean_xsbn', 'no', NULL),
  ('340000', 'group_asean_xsbn', 'no', NULL),
  ('340100', 'group_asean_xsbn', 'no', NULL),
  ('341000', 'group_asean_xsbn', 'no', NULL),
  ('350000', 'group_asean_xsbn', 'no', NULL),
  ('350100', 'group_asean_xsbn', 'no', NULL),
  ('350200', 'group_asean_xsbn', 'no', NULL),
  ('350500', 'group_asean_xsbn', 'no', NULL),
  ('350782', 'group_asean_xsbn', 'no', NULL),
  ('360000', 'group_asean_xsbn', 'no', NULL),
  ('360100', 'group_asean_xsbn', 'no', NULL),
  ('360200', 'group_asean_xsbn', 'no', NULL),
  ('370000', 'group_asean_xsbn', 'no', NULL),
  ('370100', 'group_asean_xsbn', 'no', NULL),
  ('370200', 'group_asean_xsbn', 'no', NULL),
  ('370600', 'group_asean_xsbn', 'no', NULL),
  ('371000', 'group_asean_xsbn', 'no', NULL),
  ('410000', 'group_asean_xsbn', 'no', NULL),
  ('410100', 'group_asean_xsbn', 'no', NULL),
  ('420000', 'group_asean_xsbn', 'no', NULL),
  ('420100', 'group_asean_xsbn', 'no', NULL),
  ('430000', 'group_asean_xsbn', 'no', NULL),
  ('430100', 'group_asean_xsbn', 'no', NULL),
  ('430800', 'group_asean_xsbn', 'no', NULL),
  ('440000', 'group_asean_xsbn', 'no', NULL),
  ('440100', 'group_asean_xsbn', 'no', NULL),
  ('440300', 'group_asean_xsbn', 'no', NULL),
  ('440600', 'group_asean_xsbn', 'no', NULL),
  ('445200', 'group_asean_xsbn', 'no', NULL),
  ('450000', 'group_asean_xsbn', 'no', NULL),
  ('450100', 'group_asean_xsbn', 'no', NULL),
  ('450200', 'group_asean_xsbn', 'no', NULL),
  ('450300', 'group_asean_xsbn', 'no', NULL),
  ('450400', 'group_asean_xsbn', 'no', NULL),
  ('450500', 'group_asean_xsbn', 'no', NULL),
  ('450600', 'group_asean_xsbn', 'no', NULL),
  ('450700', 'group_asean_xsbn', 'no', NULL),
  ('450800', 'group_asean_xsbn', 'no', NULL),
  ('450900', 'group_asean_xsbn', 'no', NULL),
  ('451100', 'group_asean_xsbn', 'no', NULL),
  ('451200', 'group_asean_xsbn', 'no', NULL),
  ('451300', 'group_asean_xsbn', 'no', NULL),
  ('460000', 'group_asean_xsbn', 'no', NULL),
  ('460100', 'group_asean_xsbn', 'no', NULL),
  ('460200', 'group_asean_xsbn', 'no', NULL),
  ('460400', 'group_asean_xsbn', 'no', NULL),
  ('469002', 'group_asean_xsbn', 'no', NULL),
  ('469005', 'group_asean_xsbn', 'no', NULL),
  ('469007', 'group_asean_xsbn', 'no', NULL),
  ('500000', 'group_asean_xsbn', 'no', NULL),
  ('510000', 'group_asean_xsbn', 'no', NULL),
  ('510100', 'group_asean_xsbn', 'no', NULL),
  ('510300', 'group_asean_xsbn', 'no', NULL),
  ('510500', 'group_asean_xsbn', 'no', NULL),
  ('510600', 'group_asean_xsbn', 'no', NULL),
  ('510900', 'group_asean_xsbn', 'no', NULL),
  ('511000', 'group_asean_xsbn', 'no', NULL),
  ('511100', 'group_asean_xsbn', 'no', NULL),
  ('511400', 'group_asean_xsbn', 'no', NULL),
  ('511500', 'group_asean_xsbn', 'no', NULL),
  ('511800', 'group_asean_xsbn', 'no', NULL),
  ('512000', 'group_asean_xsbn', 'no', NULL),
  ('520000', 'group_asean_xsbn', 'no', NULL),
  ('520100', 'group_asean_xsbn', 'no', NULL),
  ('530000', 'group_asean_xsbn', 'no', NULL),
  ('530100', 'group_asean_xsbn', 'no', NULL),
  ('530400', 'group_asean_xsbn', 'no', NULL),
  ('530700', 'group_asean_xsbn', 'no', NULL),
  ('530800', 'group_asean_xsbn', 'no', NULL),
  ('532300', 'group_asean_xsbn', 'no', NULL),
  ('532500', 'group_asean_xsbn', 'no', NULL),
  ('532600', 'group_asean_xsbn', 'no', NULL),
  ('532800', 'group_asean_xsbn', 'ok', NULL),
  ('532900', 'group_asean_xsbn', 'no', NULL),
  ('540000', 'group_asean_xsbn', 'no', NULL),
  ('540100', 'group_asean_xsbn', 'no', NULL),
  ('610000', 'group_asean_xsbn', 'no', NULL),
  ('610100', 'group_asean_xsbn', 'no', NULL),
  ('620000', 'group_asean_xsbn', 'no', NULL),
  ('620100', 'group_asean_xsbn', 'no', NULL),
  ('630000', 'group_asean_xsbn', 'no', NULL),
  ('640000', 'group_asean_xsbn', 'no', NULL),
  ('650000', 'group_asean_xsbn', 'no', NULL),
  ('650100', 'group_asean_xsbn', 'no', NULL),
  ('110000', 'hainan_30d', 'no', NULL),
  ('120000', 'hainan_30d', 'no', NULL),
  ('130000', 'hainan_30d', 'no', NULL),
  ('130100', 'hainan_30d', 'no', NULL),
  ('130300', 'hainan_30d', 'no', NULL),
  ('140000', 'hainan_30d', 'no', NULL),
  ('140100', 'hainan_30d', 'no', NULL),
  ('140200', 'hainan_30d', 'no', NULL),
  ('140800', 'hainan_30d', 'no', NULL),
  ('150000', 'hainan_30d', 'no', NULL),
  ('150100', 'hainan_30d', 'no', NULL),
  ('210000', 'hainan_30d', 'no', NULL),
  ('210100', 'hainan_30d', 'no', NULL),
  ('210200', 'hainan_30d', 'no', NULL),
  ('220000', 'hainan_30d', 'no', NULL),
  ('220100', 'hainan_30d', 'no', NULL),
  ('230000', 'hainan_30d', 'no', NULL),
  ('230100', 'hainan_30d', 'no', NULL),
  ('310000', 'hainan_30d', 'no', NULL),
  ('320000', 'hainan_30d', 'no', NULL),
  ('320100', 'hainan_30d', 'no', NULL),
  ('320200', 'hainan_30d', 'no', NULL),
  ('320500', 'hainan_30d', 'no', NULL),
  ('320700', 'hainan_30d', 'no', NULL),
  ('321000', 'hainan_30d', 'no', NULL),
  ('321200', 'hainan_30d', 'no', NULL),
  ('330000', 'hainan_30d', 'no', NULL),
  ('330100', 'hainan_30d', 'no', NULL),
  ('330200', 'hainan_30d', 'no', NULL),
  ('330300', 'hainan_30d', 'no', NULL),
  ('330782', 'hainan_30d', 'no', NULL),
  ('330900', 'hainan_30d', 'no', NULL),
  ('340000', 'hainan_30d', 'no', NULL),
  ('340100', 'hainan_30d', 'no', NULL),
  ('341000', 'hainan_30d', 'no', NULL),
  ('350000', 'hainan_30d', 'no', NULL),
  ('350100', 'hainan_30d', 'no', NULL),
  ('350200', 'hainan_30d', 'no', NULL),
  ('350500', 'hainan_30d', 'no', NULL),
  ('350782', 'hainan_30d', 'no', NULL),
  ('360000', 'hainan_30d', 'no', NULL),
  ('360100', 'hainan_30d', 'no', NULL),
  ('360200', 'hainan_30d', 'no', NULL),
  ('370000', 'hainan_30d', 'no', NULL),
  ('370100', 'hainan_30d', 'no', NULL),
  ('370200', 'hainan_30d', 'no', NULL),
  ('370600', 'hainan_30d', 'no', NULL),
  ('371000', 'hainan_30d', 'no', NULL),
  ('410000', 'hainan_30d', 'no', NULL),
  ('410100', 'hainan_30d', 'no', NULL),
  ('420000', 'hainan_30d', 'no', NULL),
  ('420100', 'hainan_30d', 'no', NULL),
  ('430000', 'hainan_30d', 'no', NULL),
  ('430100', 'hainan_30d', 'no', NULL),
  ('430800', 'hainan_30d', 'no', NULL),
  ('440000', 'hainan_30d', 'no', NULL),
  ('440100', 'hainan_30d', 'no', NULL),
  ('440300', 'hainan_30d', 'no', NULL),
  ('440600', 'hainan_30d', 'no', NULL),
  ('445200', 'hainan_30d', 'no', NULL),
  ('450000', 'hainan_30d', 'no', NULL),
  ('450100', 'hainan_30d', 'no', NULL),
  ('450200', 'hainan_30d', 'no', NULL),
  ('450300', 'hainan_30d', 'no', NULL),
  ('450400', 'hainan_30d', 'no', NULL),
  ('450500', 'hainan_30d', 'no', NULL),
  ('450600', 'hainan_30d', 'no', NULL),
  ('450700', 'hainan_30d', 'no', NULL),
  ('450800', 'hainan_30d', 'no', NULL),
  ('450900', 'hainan_30d', 'no', NULL),
  ('451100', 'hainan_30d', 'no', NULL),
  ('451200', 'hainan_30d', 'no', NULL),
  ('451300', 'hainan_30d', 'no', NULL),
  ('460000', 'hainan_30d', 'ok', NULL),
  ('460100', 'hainan_30d', 'ok', NULL),
  ('460200', 'hainan_30d', 'ok', NULL),
  ('460400', 'hainan_30d', 'ok', NULL),
  ('469002', 'hainan_30d', 'ok', NULL),
  ('469005', 'hainan_30d', 'ok', NULL),
  ('469007', 'hainan_30d', 'ok', NULL),
  ('500000', 'hainan_30d', 'no', NULL),
  ('510000', 'hainan_30d', 'no', NULL),
  ('510100', 'hainan_30d', 'no', NULL),
  ('510300', 'hainan_30d', 'no', NULL),
  ('510500', 'hainan_30d', 'no', NULL),
  ('510600', 'hainan_30d', 'no', NULL),
  ('510900', 'hainan_30d', 'no', NULL),
  ('511000', 'hainan_30d', 'no', NULL),
  ('511100', 'hainan_30d', 'no', NULL),
  ('511400', 'hainan_30d', 'no', NULL),
  ('511500', 'hainan_30d', 'no', NULL),
  ('511800', 'hainan_30d', 'no', NULL),
  ('512000', 'hainan_30d', 'no', NULL),
  ('520000', 'hainan_30d', 'no', NULL),
  ('520100', 'hainan_30d', 'no', NULL),
  ('530000', 'hainan_30d', 'no', NULL),
  ('530100', 'hainan_30d', 'no', NULL),
  ('530400', 'hainan_30d', 'no', NULL),
  ('530700', 'hainan_30d', 'no', NULL),
  ('530800', 'hainan_30d', 'no', NULL),
  ('532300', 'hainan_30d', 'no', NULL),
  ('532500', 'hainan_30d', 'no', NULL),
  ('532600', 'hainan_30d', 'no', NULL),
  ('532800', 'hainan_30d', 'no', NULL),
  ('532900', 'hainan_30d', 'no', NULL),
  ('540000', 'hainan_30d', 'no', NULL),
  ('540100', 'hainan_30d', 'no', NULL),
  ('610000', 'hainan_30d', 'no', NULL),
  ('610100', 'hainan_30d', 'no', NULL),
  ('620000', 'hainan_30d', 'no', NULL),
  ('620100', 'hainan_30d', 'no', NULL),
  ('630000', 'hainan_30d', 'no', NULL),
  ('640000', 'hainan_30d', 'no', NULL),
  ('650000', 'hainan_30d', 'no', NULL),
  ('650100', 'hainan_30d', 'no', NULL),
  ('110000', 'mutual_exempt', 'ok', NULL),
  ('120000', 'mutual_exempt', 'ok', NULL),
  ('130000', 'mutual_exempt', 'ok', NULL),
  ('130100', 'mutual_exempt', 'ok', NULL),
  ('130300', 'mutual_exempt', 'ok', NULL),
  ('140000', 'mutual_exempt', 'ok', NULL),
  ('140100', 'mutual_exempt', 'ok', NULL),
  ('140200', 'mutual_exempt', 'ok', NULL),
  ('140800', 'mutual_exempt', 'ok', NULL),
  ('150000', 'mutual_exempt', 'ok', NULL),
  ('150100', 'mutual_exempt', 'ok', NULL),
  ('210000', 'mutual_exempt', 'ok', NULL),
  ('210100', 'mutual_exempt', 'ok', NULL),
  ('210200', 'mutual_exempt', 'ok', NULL),
  ('220000', 'mutual_exempt', 'ok', NULL),
  ('220100', 'mutual_exempt', 'ok', NULL),
  ('230000', 'mutual_exempt', 'ok', NULL),
  ('230100', 'mutual_exempt', 'ok', NULL),
  ('310000', 'mutual_exempt', 'ok', NULL),
  ('320000', 'mutual_exempt', 'ok', NULL),
  ('320100', 'mutual_exempt', 'ok', NULL),
  ('320200', 'mutual_exempt', 'ok', NULL),
  ('320500', 'mutual_exempt', 'ok', NULL),
  ('320700', 'mutual_exempt', 'ok', NULL),
  ('321000', 'mutual_exempt', 'ok', NULL),
  ('321200', 'mutual_exempt', 'ok', NULL),
  ('330000', 'mutual_exempt', 'ok', NULL),
  ('330100', 'mutual_exempt', 'ok', NULL),
  ('330200', 'mutual_exempt', 'ok', NULL),
  ('330300', 'mutual_exempt', 'ok', NULL),
  ('330782', 'mutual_exempt', 'ok', NULL),
  ('330900', 'mutual_exempt', 'ok', NULL),
  ('340000', 'mutual_exempt', 'ok', NULL),
  ('340100', 'mutual_exempt', 'ok', NULL),
  ('341000', 'mutual_exempt', 'ok', NULL),
  ('350000', 'mutual_exempt', 'ok', NULL),
  ('350100', 'mutual_exempt', 'ok', NULL),
  ('350200', 'mutual_exempt', 'ok', NULL),
  ('350500', 'mutual_exempt', 'ok', NULL),
  ('350782', 'mutual_exempt', 'ok', NULL),
  ('360000', 'mutual_exempt', 'ok', NULL),
  ('360100', 'mutual_exempt', 'ok', NULL),
  ('360200', 'mutual_exempt', 'ok', NULL),
  ('370000', 'mutual_exempt', 'ok', NULL),
  ('370100', 'mutual_exempt', 'ok', NULL),
  ('370200', 'mutual_exempt', 'ok', NULL),
  ('370600', 'mutual_exempt', 'ok', NULL),
  ('371000', 'mutual_exempt', 'ok', NULL),
  ('410000', 'mutual_exempt', 'ok', NULL),
  ('410100', 'mutual_exempt', 'ok', NULL),
  ('420000', 'mutual_exempt', 'ok', NULL),
  ('420100', 'mutual_exempt', 'ok', NULL),
  ('430000', 'mutual_exempt', 'ok', NULL),
  ('430100', 'mutual_exempt', 'ok', NULL),
  ('430800', 'mutual_exempt', 'ok', NULL),
  ('440000', 'mutual_exempt', 'ok', NULL),
  ('440100', 'mutual_exempt', 'ok', NULL),
  ('440300', 'mutual_exempt', 'ok', NULL),
  ('440600', 'mutual_exempt', 'ok', NULL),
  ('445200', 'mutual_exempt', 'ok', NULL),
  ('450000', 'mutual_exempt', 'ok', NULL),
  ('450100', 'mutual_exempt', 'ok', NULL),
  ('450200', 'mutual_exempt', 'ok', NULL),
  ('450300', 'mutual_exempt', 'ok', NULL),
  ('450400', 'mutual_exempt', 'ok', NULL),
  ('450500', 'mutual_exempt', 'ok', NULL),
  ('450600', 'mutual_exempt', 'ok', NULL),
  ('450700', 'mutual_exempt', 'ok', NULL),
  ('450800', 'mutual_exempt', 'ok', NULL),
  ('450900', 'mutual_exempt', 'ok', NULL),
  ('451100', 'mutual_exempt', 'ok', NULL),
  ('451200', 'mutual_exempt', 'ok', NULL),
  ('451300', 'mutual_exempt', 'ok', NULL),
  ('460000', 'mutual_exempt', 'ok', NULL),
  ('460100', 'mutual_exempt', 'ok', NULL),
  ('460200', 'mutual_exempt', 'ok', NULL),
  ('460400', 'mutual_exempt', 'ok', NULL),
  ('469002', 'mutual_exempt', 'ok', NULL),
  ('469005', 'mutual_exempt', 'ok', NULL),
  ('469007', 'mutual_exempt', 'ok', NULL),
  ('500000', 'mutual_exempt', 'ok', NULL),
  ('510000', 'mutual_exempt', 'ok', NULL),
  ('510100', 'mutual_exempt', 'ok', NULL),
  ('510300', 'mutual_exempt', 'ok', NULL),
  ('510500', 'mutual_exempt', 'ok', NULL),
  ('510600', 'mutual_exempt', 'ok', NULL),
  ('510900', 'mutual_exempt', 'ok', NULL),
  ('511000', 'mutual_exempt', 'ok', NULL),
  ('511100', 'mutual_exempt', 'ok', NULL),
  ('511400', 'mutual_exempt', 'ok', NULL),
  ('511500', 'mutual_exempt', 'ok', NULL),
  ('511800', 'mutual_exempt', 'ok', NULL),
  ('512000', 'mutual_exempt', 'ok', NULL),
  ('520000', 'mutual_exempt', 'ok', NULL),
  ('520100', 'mutual_exempt', 'ok', NULL),
  ('530000', 'mutual_exempt', 'ok', NULL),
  ('530100', 'mutual_exempt', 'ok', NULL),
  ('530400', 'mutual_exempt', 'ok', NULL),
  ('530700', 'mutual_exempt', 'ok', NULL),
  ('530800', 'mutual_exempt', 'ok', NULL),
  ('532300', 'mutual_exempt', 'ok', NULL),
  ('532500', 'mutual_exempt', 'ok', NULL),
  ('532600', 'mutual_exempt', 'ok', NULL),
  ('532800', 'mutual_exempt', 'ok', NULL),
  ('532900', 'mutual_exempt', 'ok', NULL),
  ('540000', 'mutual_exempt', 'permit_required', '需额外许可（如入藏许可）'),
  ('540100', 'mutual_exempt', 'permit_required', '需额外许可（如入藏许可）'),
  ('610000', 'mutual_exempt', 'ok', NULL),
  ('610100', 'mutual_exempt', 'ok', NULL),
  ('620000', 'mutual_exempt', 'ok', NULL),
  ('620100', 'mutual_exempt', 'ok', NULL),
  ('630000', 'mutual_exempt', 'ok', NULL),
  ('640000', 'mutual_exempt', 'ok', NULL),
  ('650000', 'mutual_exempt', 'ok', NULL),
  ('650100', 'mutual_exempt', 'ok', NULL),
  ('110000', 'twov_240h', 'ok', NULL),
  ('120000', 'twov_240h', 'ok', NULL),
  ('130000', 'twov_240h', 'ok', NULL),
  ('130100', 'twov_240h', 'ok', NULL),
  ('130300', 'twov_240h', 'ok', NULL),
  ('140000', 'twov_240h', 'no', NULL),
  ('140100', 'twov_240h', 'ok', NULL),
  ('140200', 'twov_240h', 'ok', NULL),
  ('140800', 'twov_240h', 'no', NULL),
  ('150000', 'twov_240h', 'no', NULL),
  ('150100', 'twov_240h', 'no', NULL),
  ('210000', 'twov_240h', 'ok', NULL),
  ('210100', 'twov_240h', 'ok', NULL),
  ('210200', 'twov_240h', 'ok', NULL),
  ('220000', 'twov_240h', 'no', NULL),
  ('220100', 'twov_240h', 'no', NULL),
  ('230000', 'twov_240h', 'no', NULL),
  ('230100', 'twov_240h', 'ok', NULL),
  ('310000', 'twov_240h', 'ok', NULL),
  ('320000', 'twov_240h', 'ok', NULL),
  ('320100', 'twov_240h', 'ok', NULL),
  ('320200', 'twov_240h', 'ok', NULL),
  ('320500', 'twov_240h', 'ok', NULL),
  ('320700', 'twov_240h', 'ok', NULL),
  ('321000', 'twov_240h', 'ok', NULL),
  ('321200', 'twov_240h', 'ok', NULL),
  ('330000', 'twov_240h', 'ok', NULL),
  ('330100', 'twov_240h', 'ok', NULL),
  ('330200', 'twov_240h', 'ok', NULL),
  ('330300', 'twov_240h', 'ok', NULL),
  ('330782', 'twov_240h', 'ok', NULL),
  ('330900', 'twov_240h', 'ok', NULL),
  ('340000', 'twov_240h', 'ok', NULL),
  ('340100', 'twov_240h', 'ok', NULL),
  ('341000', 'twov_240h', 'ok', NULL),
  ('350000', 'twov_240h', 'ok', NULL),
  ('350100', 'twov_240h', 'ok', NULL),
  ('350200', 'twov_240h', 'ok', NULL),
  ('350500', 'twov_240h', 'ok', NULL),
  ('350782', 'twov_240h', 'ok', NULL),
  ('360000', 'twov_240h', 'no', NULL),
  ('360100', 'twov_240h', 'ok', NULL),
  ('360200', 'twov_240h', 'ok', NULL),
  ('370000', 'twov_240h', 'ok', NULL),
  ('370100', 'twov_240h', 'ok', NULL),
  ('370200', 'twov_240h', 'ok', NULL),
  ('370600', 'twov_240h', 'ok', NULL),
  ('371000', 'twov_240h', 'ok', NULL),
  ('410000', 'twov_240h', 'ok', NULL),
  ('410100', 'twov_240h', 'ok', NULL),
  ('420000', 'twov_240h', 'ok', NULL),
  ('420100', 'twov_240h', 'ok', NULL),
  ('430000', 'twov_240h', 'ok', NULL),
  ('430100', 'twov_240h', 'ok', NULL),
  ('430800', 'twov_240h', 'ok', NULL),
  ('440000', 'twov_240h', 'ok', NULL),
  ('440100', 'twov_240h', 'ok', NULL),
  ('440300', 'twov_240h', 'ok', NULL),
  ('440600', 'twov_240h', 'ok', NULL),
  ('445200', 'twov_240h', 'ok', NULL),
  ('450000', 'twov_240h', 'no', NULL),
  ('450100', 'twov_240h', 'ok', NULL),
  ('450200', 'twov_240h', 'ok', NULL),
  ('450300', 'twov_240h', 'ok', NULL),
  ('450400', 'twov_240h', 'ok', NULL),
  ('450500', 'twov_240h', 'ok', NULL),
  ('450600', 'twov_240h', 'ok', NULL),
  ('450700', 'twov_240h', 'ok', NULL),
  ('450800', 'twov_240h', 'ok', NULL),
  ('450900', 'twov_240h', 'ok', NULL),
  ('451100', 'twov_240h', 'ok', NULL),
  ('451200', 'twov_240h', 'ok', NULL),
  ('451300', 'twov_240h', 'ok', NULL),
  ('460000', 'twov_240h', 'ok', NULL),
  ('460100', 'twov_240h', 'ok', NULL),
  ('460200', 'twov_240h', 'ok', NULL),
  ('460400', 'twov_240h', 'ok', NULL),
  ('469002', 'twov_240h', 'ok', NULL),
  ('469005', 'twov_240h', 'ok', NULL),
  ('469007', 'twov_240h', 'ok', NULL),
  ('500000', 'twov_240h', 'ok', NULL),
  ('510000', 'twov_240h', 'no', NULL),
  ('510100', 'twov_240h', 'ok', NULL),
  ('510300', 'twov_240h', 'ok', NULL),
  ('510500', 'twov_240h', 'ok', NULL),
  ('510600', 'twov_240h', 'ok', NULL),
  ('510900', 'twov_240h', 'ok', NULL),
  ('511000', 'twov_240h', 'ok', NULL),
  ('511100', 'twov_240h', 'ok', NULL),
  ('511400', 'twov_240h', 'ok', NULL),
  ('511500', 'twov_240h', 'ok', NULL),
  ('511800', 'twov_240h', 'ok', NULL),
  ('512000', 'twov_240h', 'ok', NULL),
  ('520000', 'twov_240h', 'ok', NULL),
  ('520100', 'twov_240h', 'ok', NULL),
  ('530000', 'twov_240h', 'no', NULL),
  ('530100', 'twov_240h', 'ok', NULL),
  ('530400', 'twov_240h', 'ok', NULL),
  ('530700', 'twov_240h', 'ok', NULL),
  ('530800', 'twov_240h', 'ok', NULL),
  ('532300', 'twov_240h', 'ok', NULL),
  ('532500', 'twov_240h', 'ok', NULL),
  ('532600', 'twov_240h', 'ok', NULL),
  ('532800', 'twov_240h', 'ok', NULL),
  ('532900', 'twov_240h', 'ok', NULL),
  ('540000', 'twov_240h', 'no', NULL),
  ('540100', 'twov_240h', 'no', NULL),
  ('610000', 'twov_240h', 'ok', NULL),
  ('610100', 'twov_240h', 'ok', NULL),
  ('620000', 'twov_240h', 'no', NULL),
  ('620100', 'twov_240h', 'no', NULL),
  ('630000', 'twov_240h', 'no', NULL),
  ('640000', 'twov_240h', 'no', NULL),
  ('650000', 'twov_240h', 'no', NULL),
  ('650100', 'twov_240h', 'no', NULL),
  ('110000', 'twov_24h', 'no', NULL),
  ('120000', 'twov_24h', 'no', NULL),
  ('130000', 'twov_24h', 'no', NULL),
  ('130100', 'twov_24h', 'no', NULL),
  ('130300', 'twov_24h', 'no', NULL),
  ('140000', 'twov_24h', 'no', NULL),
  ('140100', 'twov_24h', 'no', NULL),
  ('140200', 'twov_24h', 'no', NULL),
  ('140800', 'twov_24h', 'no', NULL),
  ('150000', 'twov_24h', 'no', NULL),
  ('150100', 'twov_24h', 'no', NULL),
  ('210000', 'twov_24h', 'no', NULL),
  ('210100', 'twov_24h', 'no', NULL),
  ('210200', 'twov_24h', 'no', NULL),
  ('220000', 'twov_24h', 'no', NULL),
  ('220100', 'twov_24h', 'no', NULL),
  ('230000', 'twov_24h', 'no', NULL),
  ('230100', 'twov_24h', 'no', NULL),
  ('310000', 'twov_24h', 'no', NULL),
  ('320000', 'twov_24h', 'no', NULL),
  ('320100', 'twov_24h', 'no', NULL),
  ('320200', 'twov_24h', 'no', NULL),
  ('320500', 'twov_24h', 'no', NULL),
  ('320700', 'twov_24h', 'no', NULL),
  ('321000', 'twov_24h', 'no', NULL),
  ('321200', 'twov_24h', 'no', NULL),
  ('330000', 'twov_24h', 'no', NULL),
  ('330100', 'twov_24h', 'no', NULL),
  ('330200', 'twov_24h', 'no', NULL),
  ('330300', 'twov_24h', 'no', NULL),
  ('330782', 'twov_24h', 'no', NULL),
  ('330900', 'twov_24h', 'no', NULL),
  ('340000', 'twov_24h', 'no', NULL),
  ('340100', 'twov_24h', 'no', NULL),
  ('341000', 'twov_24h', 'no', NULL),
  ('350000', 'twov_24h', 'no', NULL),
  ('350100', 'twov_24h', 'no', NULL),
  ('350200', 'twov_24h', 'no', NULL),
  ('350500', 'twov_24h', 'no', NULL),
  ('350782', 'twov_24h', 'no', NULL),
  ('360000', 'twov_24h', 'no', NULL),
  ('360100', 'twov_24h', 'no', NULL),
  ('360200', 'twov_24h', 'no', NULL),
  ('370000', 'twov_24h', 'no', NULL),
  ('370100', 'twov_24h', 'no', NULL),
  ('370200', 'twov_24h', 'no', NULL),
  ('370600', 'twov_24h', 'no', NULL),
  ('371000', 'twov_24h', 'no', NULL),
  ('410000', 'twov_24h', 'no', NULL),
  ('410100', 'twov_24h', 'no', NULL),
  ('420000', 'twov_24h', 'no', NULL),
  ('420100', 'twov_24h', 'no', NULL),
  ('430000', 'twov_24h', 'no', NULL),
  ('430100', 'twov_24h', 'no', NULL),
  ('430800', 'twov_24h', 'no', NULL),
  ('440000', 'twov_24h', 'no', NULL),
  ('440100', 'twov_24h', 'no', NULL),
  ('440300', 'twov_24h', 'no', NULL),
  ('440600', 'twov_24h', 'no', NULL),
  ('445200', 'twov_24h', 'no', NULL),
  ('450000', 'twov_24h', 'no', NULL),
  ('450100', 'twov_24h', 'no', NULL),
  ('450200', 'twov_24h', 'no', NULL),
  ('450300', 'twov_24h', 'no', NULL),
  ('450400', 'twov_24h', 'no', NULL),
  ('450500', 'twov_24h', 'no', NULL),
  ('450600', 'twov_24h', 'no', NULL),
  ('450700', 'twov_24h', 'no', NULL),
  ('450800', 'twov_24h', 'no', NULL),
  ('450900', 'twov_24h', 'no', NULL),
  ('451100', 'twov_24h', 'no', NULL),
  ('451200', 'twov_24h', 'no', NULL),
  ('451300', 'twov_24h', 'no', NULL),
  ('460000', 'twov_24h', 'no', NULL),
  ('460100', 'twov_24h', 'no', NULL),
  ('460200', 'twov_24h', 'no', NULL),
  ('460400', 'twov_24h', 'no', NULL),
  ('469002', 'twov_24h', 'no', NULL),
  ('469005', 'twov_24h', 'no', NULL),
  ('469007', 'twov_24h', 'no', NULL),
  ('500000', 'twov_24h', 'no', NULL),
  ('510000', 'twov_24h', 'no', NULL),
  ('510100', 'twov_24h', 'no', NULL),
  ('510300', 'twov_24h', 'no', NULL),
  ('510500', 'twov_24h', 'no', NULL),
  ('510600', 'twov_24h', 'no', NULL),
  ('510900', 'twov_24h', 'no', NULL),
  ('511000', 'twov_24h', 'no', NULL),
  ('511100', 'twov_24h', 'no', NULL),
  ('511400', 'twov_24h', 'no', NULL),
  ('511500', 'twov_24h', 'no', NULL),
  ('511800', 'twov_24h', 'no', NULL),
  ('512000', 'twov_24h', 'no', NULL),
  ('520000', 'twov_24h', 'no', NULL),
  ('520100', 'twov_24h', 'no', NULL),
  ('530000', 'twov_24h', 'no', NULL),
  ('530100', 'twov_24h', 'no', NULL),
  ('530400', 'twov_24h', 'no', NULL),
  ('530700', 'twov_24h', 'no', NULL),
  ('530800', 'twov_24h', 'no', NULL),
  ('532300', 'twov_24h', 'no', NULL),
  ('532500', 'twov_24h', 'no', NULL),
  ('532600', 'twov_24h', 'no', NULL),
  ('532800', 'twov_24h', 'no', NULL),
  ('532900', 'twov_24h', 'no', NULL),
  ('540000', 'twov_24h', 'no', NULL),
  ('540100', 'twov_24h', 'no', NULL),
  ('610000', 'twov_24h', 'no', NULL),
  ('610100', 'twov_24h', 'no', NULL),
  ('620000', 'twov_24h', 'no', NULL),
  ('620100', 'twov_24h', 'no', NULL),
  ('630000', 'twov_24h', 'no', NULL),
  ('640000', 'twov_24h', 'no', NULL),
  ('650000', 'twov_24h', 'no', NULL),
  ('650100', 'twov_24h', 'no', NULL),
  ('110000', 'unilateral_30d', 'ok', NULL),
  ('120000', 'unilateral_30d', 'ok', NULL),
  ('130000', 'unilateral_30d', 'ok', NULL),
  ('130100', 'unilateral_30d', 'ok', NULL),
  ('130300', 'unilateral_30d', 'ok', NULL),
  ('140000', 'unilateral_30d', 'ok', NULL),
  ('140100', 'unilateral_30d', 'ok', NULL),
  ('140200', 'unilateral_30d', 'ok', NULL),
  ('140800', 'unilateral_30d', 'ok', NULL),
  ('150000', 'unilateral_30d', 'ok', NULL),
  ('150100', 'unilateral_30d', 'ok', NULL),
  ('210000', 'unilateral_30d', 'ok', NULL),
  ('210100', 'unilateral_30d', 'ok', NULL),
  ('210200', 'unilateral_30d', 'ok', NULL),
  ('220000', 'unilateral_30d', 'ok', NULL),
  ('220100', 'unilateral_30d', 'ok', NULL),
  ('230000', 'unilateral_30d', 'ok', NULL),
  ('230100', 'unilateral_30d', 'ok', NULL),
  ('310000', 'unilateral_30d', 'ok', NULL),
  ('320000', 'unilateral_30d', 'ok', NULL),
  ('320100', 'unilateral_30d', 'ok', NULL),
  ('320200', 'unilateral_30d', 'ok', NULL),
  ('320500', 'unilateral_30d', 'ok', NULL),
  ('320700', 'unilateral_30d', 'ok', NULL),
  ('321000', 'unilateral_30d', 'ok', NULL),
  ('321200', 'unilateral_30d', 'ok', NULL),
  ('330000', 'unilateral_30d', 'ok', NULL),
  ('330100', 'unilateral_30d', 'ok', NULL),
  ('330200', 'unilateral_30d', 'ok', NULL),
  ('330300', 'unilateral_30d', 'ok', NULL),
  ('330782', 'unilateral_30d', 'ok', NULL),
  ('330900', 'unilateral_30d', 'ok', NULL),
  ('340000', 'unilateral_30d', 'ok', NULL),
  ('340100', 'unilateral_30d', 'ok', NULL),
  ('341000', 'unilateral_30d', 'ok', NULL),
  ('350000', 'unilateral_30d', 'ok', NULL),
  ('350100', 'unilateral_30d', 'ok', NULL),
  ('350200', 'unilateral_30d', 'ok', NULL),
  ('350500', 'unilateral_30d', 'ok', NULL),
  ('350782', 'unilateral_30d', 'ok', NULL),
  ('360000', 'unilateral_30d', 'ok', NULL),
  ('360100', 'unilateral_30d', 'ok', NULL),
  ('360200', 'unilateral_30d', 'ok', NULL),
  ('370000', 'unilateral_30d', 'ok', NULL),
  ('370100', 'unilateral_30d', 'ok', NULL),
  ('370200', 'unilateral_30d', 'ok', NULL),
  ('370600', 'unilateral_30d', 'ok', NULL),
  ('371000', 'unilateral_30d', 'ok', NULL),
  ('410000', 'unilateral_30d', 'ok', NULL),
  ('410100', 'unilateral_30d', 'ok', NULL),
  ('420000', 'unilateral_30d', 'ok', NULL),
  ('420100', 'unilateral_30d', 'ok', NULL),
  ('430000', 'unilateral_30d', 'ok', NULL),
  ('430100', 'unilateral_30d', 'ok', NULL),
  ('430800', 'unilateral_30d', 'ok', NULL),
  ('440000', 'unilateral_30d', 'ok', NULL),
  ('440100', 'unilateral_30d', 'ok', NULL),
  ('440300', 'unilateral_30d', 'ok', NULL),
  ('440600', 'unilateral_30d', 'ok', NULL),
  ('445200', 'unilateral_30d', 'ok', NULL),
  ('450000', 'unilateral_30d', 'ok', NULL),
  ('450100', 'unilateral_30d', 'ok', NULL),
  ('450200', 'unilateral_30d', 'ok', NULL),
  ('450300', 'unilateral_30d', 'ok', NULL),
  ('450400', 'unilateral_30d', 'ok', NULL),
  ('450500', 'unilateral_30d', 'ok', NULL),
  ('450600', 'unilateral_30d', 'ok', NULL),
  ('450700', 'unilateral_30d', 'ok', NULL),
  ('450800', 'unilateral_30d', 'ok', NULL),
  ('450900', 'unilateral_30d', 'ok', NULL),
  ('451100', 'unilateral_30d', 'ok', NULL),
  ('451200', 'unilateral_30d', 'ok', NULL),
  ('451300', 'unilateral_30d', 'ok', NULL),
  ('460000', 'unilateral_30d', 'ok', NULL),
  ('460100', 'unilateral_30d', 'ok', NULL),
  ('460200', 'unilateral_30d', 'ok', NULL),
  ('460400', 'unilateral_30d', 'ok', NULL),
  ('469002', 'unilateral_30d', 'ok', NULL),
  ('469005', 'unilateral_30d', 'ok', NULL),
  ('469007', 'unilateral_30d', 'ok', NULL),
  ('500000', 'unilateral_30d', 'ok', NULL),
  ('510000', 'unilateral_30d', 'ok', NULL),
  ('510100', 'unilateral_30d', 'ok', NULL),
  ('510300', 'unilateral_30d', 'ok', NULL),
  ('510500', 'unilateral_30d', 'ok', NULL),
  ('510600', 'unilateral_30d', 'ok', NULL),
  ('510900', 'unilateral_30d', 'ok', NULL),
  ('511000', 'unilateral_30d', 'ok', NULL),
  ('511100', 'unilateral_30d', 'ok', NULL),
  ('511400', 'unilateral_30d', 'ok', NULL),
  ('511500', 'unilateral_30d', 'ok', NULL),
  ('511800', 'unilateral_30d', 'ok', NULL),
  ('512000', 'unilateral_30d', 'ok', NULL),
  ('520000', 'unilateral_30d', 'ok', NULL),
  ('520100', 'unilateral_30d', 'ok', NULL),
  ('530000', 'unilateral_30d', 'ok', NULL),
  ('530100', 'unilateral_30d', 'ok', NULL),
  ('530400', 'unilateral_30d', 'ok', NULL),
  ('530700', 'unilateral_30d', 'ok', NULL),
  ('530800', 'unilateral_30d', 'ok', NULL),
  ('532300', 'unilateral_30d', 'ok', NULL),
  ('532500', 'unilateral_30d', 'ok', NULL),
  ('532600', 'unilateral_30d', 'ok', NULL),
  ('532800', 'unilateral_30d', 'ok', NULL),
  ('532900', 'unilateral_30d', 'ok', NULL),
  ('540000', 'unilateral_30d', 'permit_required', '需额外许可（如入藏许可）'),
  ('540100', 'unilateral_30d', 'permit_required', '需额外许可（如入藏许可）'),
  ('610000', 'unilateral_30d', 'ok', NULL),
  ('610100', 'unilateral_30d', 'ok', NULL),
  ('620000', 'unilateral_30d', 'ok', NULL),
  ('620100', 'unilateral_30d', 'ok', NULL),
  ('630000', 'unilateral_30d', 'ok', NULL),
  ('640000', 'unilateral_30d', 'ok', NULL),
  ('650000', 'unilateral_30d', 'ok', NULL),
  ('650100', 'unilateral_30d', 'ok', NULL),
  ('110000', 'visa_L', 'ok', NULL),
  ('120000', 'visa_L', 'ok', NULL),
  ('130000', 'visa_L', 'ok', NULL),
  ('130100', 'visa_L', 'ok', NULL),
  ('130300', 'visa_L', 'ok', NULL),
  ('140000', 'visa_L', 'ok', NULL),
  ('140100', 'visa_L', 'ok', NULL),
  ('140200', 'visa_L', 'ok', NULL),
  ('140800', 'visa_L', 'ok', NULL),
  ('150000', 'visa_L', 'ok', NULL),
  ('150100', 'visa_L', 'ok', NULL),
  ('210000', 'visa_L', 'ok', NULL),
  ('210100', 'visa_L', 'ok', NULL),
  ('210200', 'visa_L', 'ok', NULL),
  ('220000', 'visa_L', 'ok', NULL),
  ('220100', 'visa_L', 'ok', NULL),
  ('230000', 'visa_L', 'ok', NULL),
  ('230100', 'visa_L', 'ok', NULL),
  ('310000', 'visa_L', 'ok', NULL),
  ('320000', 'visa_L', 'ok', NULL),
  ('320100', 'visa_L', 'ok', NULL),
  ('320200', 'visa_L', 'ok', NULL),
  ('320500', 'visa_L', 'ok', NULL),
  ('320700', 'visa_L', 'ok', NULL),
  ('321000', 'visa_L', 'ok', NULL),
  ('321200', 'visa_L', 'ok', NULL),
  ('330000', 'visa_L', 'ok', NULL),
  ('330100', 'visa_L', 'ok', NULL),
  ('330200', 'visa_L', 'ok', NULL),
  ('330300', 'visa_L', 'ok', NULL),
  ('330782', 'visa_L', 'ok', NULL),
  ('330900', 'visa_L', 'ok', NULL),
  ('340000', 'visa_L', 'ok', NULL),
  ('340100', 'visa_L', 'ok', NULL),
  ('341000', 'visa_L', 'ok', NULL),
  ('350000', 'visa_L', 'ok', NULL),
  ('350100', 'visa_L', 'ok', NULL),
  ('350200', 'visa_L', 'ok', NULL),
  ('350500', 'visa_L', 'ok', NULL),
  ('350782', 'visa_L', 'ok', NULL),
  ('360000', 'visa_L', 'ok', NULL),
  ('360100', 'visa_L', 'ok', NULL),
  ('360200', 'visa_L', 'ok', NULL),
  ('370000', 'visa_L', 'ok', NULL),
  ('370100', 'visa_L', 'ok', NULL),
  ('370200', 'visa_L', 'ok', NULL),
  ('370600', 'visa_L', 'ok', NULL),
  ('371000', 'visa_L', 'ok', NULL),
  ('410000', 'visa_L', 'ok', NULL),
  ('410100', 'visa_L', 'ok', NULL),
  ('420000', 'visa_L', 'ok', NULL),
  ('420100', 'visa_L', 'ok', NULL),
  ('430000', 'visa_L', 'ok', NULL),
  ('430100', 'visa_L', 'ok', NULL),
  ('430800', 'visa_L', 'ok', NULL),
  ('440000', 'visa_L', 'ok', NULL),
  ('440100', 'visa_L', 'ok', NULL),
  ('440300', 'visa_L', 'ok', NULL),
  ('440600', 'visa_L', 'ok', NULL),
  ('445200', 'visa_L', 'ok', NULL),
  ('450000', 'visa_L', 'ok', NULL),
  ('450100', 'visa_L', 'ok', NULL),
  ('450200', 'visa_L', 'ok', NULL),
  ('450300', 'visa_L', 'ok', NULL),
  ('450400', 'visa_L', 'ok', NULL),
  ('450500', 'visa_L', 'ok', NULL),
  ('450600', 'visa_L', 'ok', NULL),
  ('450700', 'visa_L', 'ok', NULL),
  ('450800', 'visa_L', 'ok', NULL),
  ('450900', 'visa_L', 'ok', NULL),
  ('451100', 'visa_L', 'ok', NULL),
  ('451200', 'visa_L', 'ok', NULL),
  ('451300', 'visa_L', 'ok', NULL),
  ('460000', 'visa_L', 'ok', NULL),
  ('460100', 'visa_L', 'ok', NULL),
  ('460200', 'visa_L', 'ok', NULL),
  ('460400', 'visa_L', 'ok', NULL),
  ('469002', 'visa_L', 'ok', NULL),
  ('469005', 'visa_L', 'ok', NULL),
  ('469007', 'visa_L', 'ok', NULL),
  ('500000', 'visa_L', 'ok', NULL),
  ('510000', 'visa_L', 'ok', NULL),
  ('510100', 'visa_L', 'ok', NULL),
  ('510300', 'visa_L', 'ok', NULL),
  ('510500', 'visa_L', 'ok', NULL),
  ('510600', 'visa_L', 'ok', NULL),
  ('510900', 'visa_L', 'ok', NULL),
  ('511000', 'visa_L', 'ok', NULL),
  ('511100', 'visa_L', 'ok', NULL),
  ('511400', 'visa_L', 'ok', NULL),
  ('511500', 'visa_L', 'ok', NULL),
  ('511800', 'visa_L', 'ok', NULL),
  ('512000', 'visa_L', 'ok', NULL),
  ('520000', 'visa_L', 'ok', NULL),
  ('520100', 'visa_L', 'ok', NULL),
  ('530000', 'visa_L', 'ok', NULL),
  ('530100', 'visa_L', 'ok', NULL),
  ('530400', 'visa_L', 'ok', NULL),
  ('530700', 'visa_L', 'ok', NULL),
  ('530800', 'visa_L', 'ok', NULL),
  ('532300', 'visa_L', 'ok', NULL),
  ('532500', 'visa_L', 'ok', NULL),
  ('532600', 'visa_L', 'ok', NULL),
  ('532800', 'visa_L', 'ok', NULL),
  ('532900', 'visa_L', 'ok', NULL),
  ('540000', 'visa_L', 'permit_required', '需额外许可（如入藏许可）'),
  ('540100', 'visa_L', 'permit_required', '需额外许可（如入藏许可）'),
  ('610000', 'visa_L', 'ok', NULL),
  ('610100', 'visa_L', 'ok', NULL),
  ('620000', 'visa_L', 'ok', NULL),
  ('620100', 'visa_L', 'ok', NULL),
  ('630000', 'visa_L', 'ok', NULL),
  ('640000', 'visa_L', 'ok', NULL),
  ('650000', 'visa_L', 'ok', NULL),
  ('650100', 'visa_L', 'ok', NULL)
ON CONFLICT (city_id, policy_id) DO NOTHING;

-- ════════════════ 叠加许可区（西藏等）════════════════
INSERT INTO visa_permit_zones (admin_code, name, note) VALUES
  ('540000', '西藏自治区', '需入藏许可，覆盖所有政策')
ON CONFLICT (admin_code) DO NOTHING;
